[0m[ INFO] [1739466106.579415722]: init begins[0m
config_file: /root/catkin_ws/src/VINS-Fusion/config/OmniNxt/omninxt.yaml
USE_IMU: 1
IMU_TOPIC: /mavros/imu/data_raw
result path /home/fast-drone/vins_output/vio.csv
camera number 2
[0m[ INFO] [1739466106.585377652]: Unsynchronized sensors, online estimate time offset, initial td: -0.05[0m
[0m[ INFO] [1739466106.585385083]: ROW: 480 COL: 640 [0m
 exitrinsic cam 0
-0.00575863 -0.00404633    0.999975
  -0.999983 -0.00102246 -0.00576281
 0.00104575   -0.999991 -0.00404037
 0.107302 0.0148365 0.0246396
 exitrinsic cam 1
-0.00100218 0.000363135    0.999999
  -0.999992 -0.00383034 -0.00100078
 0.00382998   -0.999993 0.000366971
  0.104848 -0.0148108  0.0246396
set g     0     0 9.805
[0m[ INFO] [1739466106.585626746]: reading paramerter of camera /root/catkin_ws/src/VINS-Fusion/config/OmniNxt/left.yaml[0m
[0m[ INFO] [1739466106.585743079]: reading paramerter of camera /root/catkin_ws/src/VINS-Fusion/config/OmniNxt/right.yaml[0m
MULTIPLE_THREAD is 1
init first imu pose
averge acc -0.343848 0.078103 9.806964
init R0 
   0.999386 0.000279043   0.0350379
          0    0.999968 -0.00796379
  -0.035039   0.0079589    0.999354
graphsize: 1350

Factor 0: 
ImuFactor(x0,v0,x1,v1,b0)
preintegrated measurements:

    deltaTij = 0
    deltaRij.ypr = ( 0 -0  0)
    deltaPij = 0 0 0
    deltaVij = 0 0 0
    gyrobias =  0.000281665 -0.000531023   -0.0143777
    acc_bias = 0 0 0

    preintMeasCov 
[0 0 0 0 0 0 0 0 0
0 0 0 0 0 0 0 0 0
0 0 0 0 0 0 0 0 0
0 0 0 0 0 0 0 0 0
0 0 0 0 0 0 0 0 0
0 0 0 0 0 0 0 0 0
0 0 0 0 0 0 0 0 0
0 0 0 0 0 0 0 0 0
0 0 0 0 0 0 0 0 0]
  noise model sigmas: 0 0 0 0 0 0 0 0 0

Factor 1: 
ImuFactor(x1,v1,x2,v2,b1)
preintegrated measurements:

    deltaTij = 0.592559
    deltaRij.ypr = (-0.000815284 -0.000395642 -0.000903167)
    deltaPij = -0.0605727  0.0142054    1.72173
    deltaVij =  -0.20482 0.0488462   5.81114
    gyrobias =  0.000281665 -0.000531023   -0.0143777
    acc_bias = 0 0 0

    preintMeasCov 
[          0           0           0           0           0           0           0           0           0
          0           0           0           0           0           0           0           0           0
          0           0           0           0           0           0           0           0           0
          0           0           0 5.92559e-09           0           0           0           0           0
          0           0           0           0 5.92559e-09           0           0           0           0
          0           0           0           0           0 5.92559e-09           0           0           0
          0           0           0           0           0           0           0           0           0
          0           0           0           0           0           0           0           0           0
          0           0           0           0           0           0           0           0           0]
  noise model sigmas:           0           0           0 7.69778e-05 7.69778e-05 7.69778e-05           0           0           0

Factor 2: 
ImuFactor(x2,v2,x3,v3,b2)
preintegrated measurements:

    deltaTij = 0.0180912
    deltaRij.ypr = ( -8.5348e-06 -8.75825e-06  1.12906e-05)
    deltaPij = -5.59422e-05  1.31694e-05   0.00160471
    deltaVij = -0.00618472  0.00145557    0.177403
    gyrobias =  0.000281665 -0.000531023   -0.0143777
    acc_bias = 0 0 0

    preintMeasCov 
[          0           0           0           0           0           0           0           0           0
          0           0           0           0           0           0           0           0           0
          0           0           0           0           0           0           0           0           0
          0           0           0 1.80912e-10           0           0           0           0           0
          0           0           0           0 1.80912e-10           0           0           0           0
          0           0           0           0           0 1.80912e-10           0           0           0
          0           0           0           0           0           0           0           0           0
          0           0           0           0           0           0           0           0           0
          0           0           0           0           0           0           0           0           0]
  noise model sigmas:           0           0           0 1.34504e-05 1.34504e-05 1.34504e-05           0           0           0

Factor 3: 
ImuFactor(x3,v3,x4,v4,b3)
preintegrated measurements:

    deltaTij = 0.0450861
    deltaRij.ypr = ( 5.12599e-05 -2.63469e-05  7.37725e-05)
    deltaPij = -0.000336723  8.19235e-05   0.00996676
    deltaVij = -0.0149388 0.00362853   0.442121
    gyrobias =  0.000281665 -0.000531023   -0.0143777
    acc_bias = 0 0 0

    preintMeasCov 
[          0           0           0           0           0           0           0           0           0
          0           0           0           0           0           0           0           0           0
          0           0           0           0           0           0           0           0           0
          0           0           0 4.50861e-10           0           0           0           0           0
          0           0           0           0 4.50861e-10           0           0           0           0
          0           0           0           0           0 4.50861e-10           0           0           0
          0           0           0           0           0           0           0           0           0
          0           0           0           0           0           0           0           0           0
          0           0           0           0           0           0           0           0           0]
  noise model sigmas:           0           0           0 2.12335e-05 2.12335e-05 2.12335e-05           0           0           0

Factor 4: 
ImuFactor(x4,v4,x5,v5,b4)
preintegrated measurements:

    deltaTij = 0.0580812
    deltaRij.ypr = (7.87264e-05 0.000128913 2.47965e-05)
    deltaPij = -0.000574927  0.000128016    0.0165399
    deltaVij = -0.0197852 0.00440558   0.569544
    gyrobias =  0.000281665 -0.000531023   -0.0143777
    acc_bias = 0 0 0

    preintMeasCov 
[          0           0           0           0           0           0           0           0           0
          0           0           0           0           0           0           0           0           0
          0           0           0           0           0           0           0           0           0
          0           0           0 5.80812e-10           0           0           0           0           0
          0           0           0           0 5.80812e-10           0           0           0           0
          0           0           0           0           0 5.80812e-10           0           0           0
          0           0           0           0           0           0           0           0           0
          0           0           0           0           0           0           0           0           0
          0           0           0           0           0           0           0           0           0]
  noise model sigmas:        0        0        0 2.41e-05 2.41e-05 2.41e-05        0        0        0

Factor 5: 
ImuFactor(x5,v5,x6,v6,b5)
preintegrated measurements:

    deltaTij = 0.0527554
    deltaRij.ypr = (-6.12012e-05  6.26089e-05  1.82343e-05)
    deltaPij = -0.000475119  0.000122743    0.0136444
    deltaVij = -0.0180067 0.00465191   0.517271
    gyrobias =  0.000281665 -0.000531023   -0.0143777
    acc_bias = 0 0 0

    preintMeasCov 
[          0           0           0           0           0           0           0           0           0
          0           0           0           0           0           0           0           0           0
          0           0           0           0           0           0           0           0           0
          0           0           0 5.27554e-10           0           0           0           0           0
          0           0           0           0 5.27554e-10           0           0           0           0
          0           0           0           0           0 5.27554e-10           0           0           0
          0           0           0           0           0           0           0           0           0
          0           0           0           0           0           0           0           0           0
          0           0           0           0           0           0           0           0           0]
  noise model sigmas:           0           0           0 2.29685e-05 2.29685e-05 2.29685e-05           0           0           0

Factor 6: 
ImuFactor(x6,v6,x7,v7,b6)
preintegrated measurements:

    deltaTij = 0.0119412
    deltaRij.ypr = (8.35346e-06 1.70064e-06 9.09114e-06)
    deltaPij = -2.42298e-05  5.52143e-06    0.0006988
    deltaVij = -0.00405816 0.000924587     0.11704
    gyrobias =  0.000281665 -0.000531023   -0.0143777
    acc_bias = 0 0 0

    preintMeasCov 
[          0           0           0           0           0           0           0           0           0
          0           0           0           0           0           0           0           0           0
          0           0           0           0           0           0           0           0           0
          0           0           0 1.19412e-10           0           0           0           0           0
          0           0           0           0 1.19412e-10           0           0           0           0
          0           0           0           0           0 1.19412e-10           0           0           0
          0           0           0           0           0           0           0           0           0
          0           0           0           0           0           0           0           0           0
          0           0           0           0           0           0           0           0           0]
  noise model sigmas:           0           0           0 1.09276e-05 1.09276e-05 1.09276e-05           0           0           0

Factor 7: 
ImuFactor(x7,v7,x8,v8,b7)
preintegrated measurements:

    deltaTij = 0.0451112
    deltaRij.ypr = ( 3.89559e-05 -1.10947e-05  7.56078e-05)
    deltaPij = -0.000345721  8.37285e-05   0.00996944
    deltaVij = -0.0153283 0.00370643   0.441994
    gyrobias =  0.000281665 -0.000531023   -0.0143777
    acc_bias = 0 0 0

    preintMeasCov 
[          0           0           0           0           0           0           0           0           0
          0           0           0           0           0           0           0           0           0
          0           0           0           0           0           0           0           0           0
          0           0           0 4.51112e-10           0           0           0           0           0
          0           0           0           0 4.51112e-10           0           0           0           0
          0           0           0           0           0 4.51112e-10           0           0           0
          0           0           0           0           0           0           0           0           0
          0           0           0           0           0           0           0           0           0
          0           0           0           0           0           0           0           0           0]
  noise model sigmas:           0           0           0 2.12394e-05 2.12394e-05 2.12394e-05           0           0           0

Factor 8: 
ImuFactor(x8,v8,x9,v9,b8)
preintegrated measurements:

    deltaTij = 0.00972986
    deltaRij.ypr = ( 3.31041e-06 -3.10643e-06   6.9032e-06)
    deltaPij = -1.62396e-05  3.58575e-06  0.000464018
    deltaVij = -0.00333815 0.000736949   0.0953802
    gyrobias =  0.000281665 -0.000531023   -0.0143777
    acc_bias = 0 0 0

    preintMeasCov 
[          0           0           0           0           0           0           0           0           0
          0           0           0           0           0           0           0           0           0
          0           0           0           0           0           0           0           0           0
          0           0           0 9.72986e-11           0           0           0           0           0
          0           0           0           0 9.72986e-11           0           0           0           0
          0           0           0           0           0 9.72986e-11           0           0           0
          0           0           0           0           0           0           0           0           0
          0           0           0           0           0           0           0           0           0
          0           0           0           0           0           0           0           0           0]
  noise model sigmas:           0           0           0 9.86401e-06 9.86401e-06 9.86401e-06           0           0           0

Factor 9: 
ImuFactor(x9,v9,x10,v10,b9)
preintegrated measurements:

    deltaTij = 0.0231595
    deltaRij.ypr = ( -1.3301e-05   2.6501e-05 -1.27051e-05)
    deltaPij = -9.31351e-05  2.18848e-05   0.00262736
    deltaVij = -0.00804192  0.00189041    0.226893
    gyrobias =  0.000281665 -0.000531023   -0.0143777
    acc_bias = 0 0 0

    preintMeasCov 
[          0           0           0           0           0           0           0           0           0
          0           0           0           0           0           0           0           0           0
          0           0           0           0           0           0           0           0           0
          0           0           0 2.31595e-10           0           0           0           0           0
          0           0           0           0 2.31595e-10           0           0           0           0
          0           0           0           0           0 2.31595e-10           0           0           0
          0           0           0           0           0           0           0           0           0
          0           0           0           0           0           0           0           0           0
          0           0           0           0           0           0           0           0           0]
  noise model sigmas:           0           0           0 1.52182e-05 1.52182e-05 1.52182e-05           0           0           0

Factor 10:   keys = { e0 e1 l0 t0 }
  noise model: unit (2) 

Factor 11:   keys = { x0 x1 e0 e1 l0 t0 }
  noise model: unit (2) 

Factor 12:   keys = { x0 x1 e0 e1 l0 t0 }
  noise model: unit (2) 

Factor 13:   keys = { x0 x1 e0 e1 l0 t0 }
  noise model: unit (2) 

Factor 14:   keys = { x0 x1 e0 e1 l0 t0 }
  noise model: unit (2) 

Factor 15:   keys = { x0 x1 e0 e1 l0 t0 }
  noise model: unit (2) 

Factor 16:   keys = { x0 x1 e0 e1 l0 t0 }
  noise model: unit (2) 

Factor 17:   keys = { x0 x1 e0 e1 l0 t0 }
  noise model: unit (2) 

Factor 18:   keys = { x0 x1 e0 e1 l0 t0 }
  noise model: unit (2) 

Factor 19:   keys = { x0 x1 e0 e1 l0 t0 }
  noise model: unit (2) 

Factor 20:   keys = { x0 x1 e0 e1 l0 t0 }
  noise model: unit (2) 

Factor 21:   keys = { e0 e1 l1 t0 }
  noise model: unit (2) 

Factor 22:   keys = { x0 x1 e0 e1 l1 t0 }
  noise model: unit (2) 

Factor 23:   keys = { x0 x1 e0 e1 l1 t0 }
  noise model: unit (2) 

Factor 24:   keys = { x0 x1 e0 e1 l1 t0 }
  noise model: unit (2) 

Factor 25:   keys = { x0 x1 e0 e1 l1 t0 }
  noise model: unit (2) 

Factor 26:   keys = { x0 x1 e0 e1 l1 t0 }
  noise model: unit (2) 

Factor 27:   keys = { x0 x1 e0 e1 l1 t0 }
  noise model: unit (2) 

Factor 28:   keys = { x0 x1 e0 e1 l1 t0 }
  noise model: unit (2) 

Factor 29:   keys = { x0 x1 e0 e1 l1 t0 }
  noise model: unit (2) 

Factor 30:   keys = { x0 x1 e0 e1 l1 t0 }
  noise model: unit (2) 

Factor 31:   keys = { x0 x1 e0 e1 l1 t0 }
  noise model: unit (2) 

Factor 32:   keys = { e0 e1 l2 t0 }
  noise model: unit (2) 

Factor 33:   keys = { x0 x1 e0 e1 l2 t0 }
  noise model: unit (2) 

Factor 34:   keys = { x0 x1 e0 e1 l2 t0 }
  noise model: unit (2) 

Factor 35:   keys = { x0 x1 e0 e1 l2 t0 }
  noise model: unit (2) 

Factor 36:   keys = { x0 x1 e0 e1 l2 t0 }
  noise model: unit (2) 

Factor 37:   keys = { x0 x1 e0 e1 l2 t0 }
  noise model: unit (2) 

Factor 38:   keys = { x0 x1 e0 e1 l2 t0 }
  noise model: unit (2) 

Factor 39:   keys = { x0 x1 e0 e1 l2 t0 }
  noise model: unit (2) 

Factor 40:   keys = { x0 x1 e0 e1 l2 t0 }
  noise model: unit (2) 

Factor 41:   keys = { x0 x1 e0 e1 l2 t0 }
  noise model: unit (2) 

Factor 42:   keys = { x0 x1 e0 e1 l2 t0 }
  noise model: unit (2) 

Factor 43:   keys = { e0 e1 l3 t0 }
  noise model: unit (2) 

Factor 44:   keys = { x0 x1 e0 e1 l3 t0 }
  noise model: unit (2) 

Factor 45:   keys = { x0 x1 e0 e1 l3 t0 }
  noise model: unit (2) 

Factor 46:   keys = { x0 x1 e0 e1 l3 t0 }
  noise model: unit (2) 

Factor 47:   keys = { x0 x1 e0 e1 l3 t0 }
  noise model: unit (2) 

Factor 48:   keys = { x0 x1 e0 e1 l3 t0 }
  noise model: unit (2) 

Factor 49:   keys = { x0 x1 e0 e1 l3 t0 }
  noise model: unit (2) 

Factor 50:   keys = { x0 x1 e0 e1 l3 t0 }
  noise model: unit (2) 

Factor 51:   keys = { x0 x1 e0 e1 l3 t0 }
  noise model: unit (2) 

Factor 52:   keys = { x0 x1 e0 e1 l3 t0 }
  noise model: unit (2) 

Factor 53:   keys = { x0 x1 e0 e1 l3 t0 }
  noise model: unit (2) 

Factor 54:   keys = { e0 e1 l4 t0 }
  noise model: unit (2) 

Factor 55:   keys = { x0 x1 e0 e1 l4 t0 }
  noise model: unit (2) 

Factor 56:   keys = { x0 x1 e0 e1 l4 t0 }
  noise model: unit (2) 

Factor 57:   keys = { x0 x1 e0 e1 l4 t0 }
  noise model: unit (2) 

Factor 58:   keys = { x0 x1 e0 e1 l4 t0 }
  noise model: unit (2) 

Factor 59:   keys = { x0 x1 e0 e1 l4 t0 }
  noise model: unit (2) 

Factor 60:   keys = { x0 x1 e0 e1 l4 t0 }
  noise model: unit (2) 

Factor 61:   keys = { x0 x1 e0 e1 l4 t0 }
  noise model: unit (2) 

Factor 62:   keys = { x0 x1 e0 e1 l4 t0 }
  noise model: unit (2) 

Factor 63:   keys = { x0 x1 e0 e1 l4 t0 }
  noise model: unit (2) 

Factor 64:   keys = { x0 x1 e0 e1 l4 t0 }
  noise model: unit (2) 

Factor 65:   keys = { e0 e1 l5 t0 }
  noise model: unit (2) 

Factor 66:   keys = { x0 x1 e0 e1 l5 t0 }
  noise model: unit (2) 

Factor 67:   keys = { x0 x1 e0 e1 l5 t0 }
  noise model: unit (2) 

Factor 68:   keys = { x0 x1 e0 e1 l5 t0 }
  noise model: unit (2) 

Factor 69:   keys = { x0 x1 e0 e1 l5 t0 }
  noise model: unit (2) 

Factor 70:   keys = { x0 x1 e0 e1 l5 t0 }
  noise model: unit (2) 

Factor 71:   keys = { x0 x1 e0 e1 l5 t0 }
  noise model: unit (2) 

Factor 72:   keys = { x0 x1 e0 e1 l5 t0 }
  noise model: unit (2) 

Factor 73:   keys = { x0 x1 e0 e1 l5 t0 }
  noise model: unit (2) 

Factor 74:   keys = { x0 x1 e0 e1 l5 t0 }
  noise model: unit (2) 

Factor 75:   keys = { x0 x1 e0 e1 l5 t0 }
  noise model: unit (2) 

Factor 76:   keys = { e0 e1 l6 t0 }
  noise model: unit (2) 

Factor 77:   keys = { x0 x1 e0 e1 l6 t0 }
  noise model: unit (2) 

Factor 78:   keys = { x0 x1 e0 e1 l6 t0 }
  noise model: unit (2) 

Factor 79:   keys = { x0 x1 e0 e1 l6 t0 }
  noise model: unit (2) 

Factor 80:   keys = { x0 x1 e0 e1 l6 t0 }
  noise model: unit (2) 

Factor 81:   keys = { x0 x1 e0 e1 l6 t0 }
  noise model: unit (2) 

Factor 82:   keys = { x0 x1 e0 e1 l6 t0 }
  noise model: unit (2) 

Factor 83:   keys = { x0 x1 e0 e1 l6 t0 }
  noise model: unit (2) 

Factor 84:   keys = { x0 x1 e0 e1 l6 t0 }
  noise model: unit (2) 

Factor 85:   keys = { x0 x1 e0 e1 l6 t0 }
  noise model: unit (2) 

Factor 86:   keys = { x0 x1 e0 e1 l6 t0 }
  noise model: unit (2) 

Factor 87:   keys = { e0 e1 l7 t0 }
  noise model: unit (2) 

Factor 88:   keys = { x0 x1 e0 e1 l7 t0 }
  noise model: unit (2) 

Factor 89:   keys = { x0 x1 e0 e1 l7 t0 }
  noise model: unit (2) 

Factor 90:   keys = { x0 x1 e0 e1 l7 t0 }
  noise model: unit (2) 

Factor 91:   keys = { x0 x1 e0 e1 l7 t0 }
  noise model: unit (2) 

Factor 92:   keys = { x0 x1 e0 e1 l7 t0 }
  noise model: unit (2) 

Factor 93:   keys = { x0 x1 e0 e1 l7 t0 }
  noise model: unit (2) 

Factor 94:   keys = { x0 x1 e0 e1 l7 t0 }
  noise model: unit (2) 

Factor 95:   keys = { x0 x1 e0 e1 l7 t0 }
  noise model: unit (2) 

Factor 96:   keys = { x0 x1 e0 e1 l7 t0 }
  noise model: unit (2) 

Factor 97:   keys = { x0 x1 e0 e1 l7 t0 }
  noise model: unit (2) 

Factor 98:   keys = { e0 e1 l8 t0 }
  noise model: unit (2) 

Factor 99:   keys = { x0 x1 e0 e1 l8 t0 }
  noise model: unit (2) 

Factor 100:   keys = { x0 x1 e0 e1 l8 t0 }
  noise model: unit (2) 

Factor 101:   keys = { x0 x1 e0 e1 l8 t0 }
  noise model: unit (2) 

Factor 102:   keys = { x0 x1 e0 e1 l8 t0 }
  noise model: unit (2) 

Factor 103:   keys = { x0 x1 e0 e1 l8 t0 }
  noise model: unit (2) 

Factor 104:   keys = { x0 x1 e0 e1 l8 t0 }
  noise model: unit (2) 

Factor 105:   keys = { x0 x1 e0 e1 l8 t0 }
  noise model: unit (2) 

Factor 106:   keys = { x0 x1 e0 e1 l8 t0 }
  noise model: unit (2) 

Factor 107:   keys = { x0 x1 e0 e1 l8 t0 }
  noise model: unit (2) 

Factor 108:   keys = { x0 x1 e0 e1 l8 t0 }
  noise model: unit (2) 

Factor 109:   keys = { e0 e1 l9 t0 }
  noise model: unit (2) 

Factor 110:   keys = { x0 x1 e0 e1 l9 t0 }
  noise model: unit (2) 

Factor 111:   keys = { x0 x1 e0 e1 l9 t0 }
  noise model: unit (2) 

Factor 112:   keys = { x0 x1 e0 e1 l9 t0 }
  noise model: unit (2) 

Factor 113:   keys = { x0 x1 e0 e1 l9 t0 }
  noise model: unit (2) 

Factor 114:   keys = { x0 x1 e0 e1 l9 t0 }
  noise model: unit (2) 

Factor 115:   keys = { x0 x1 e0 e1 l9 t0 }
  noise model: unit (2) 

Factor 116:   keys = { x0 x1 e0 e1 l9 t0 }
  noise model: unit (2) 

Factor 117:   keys = { x0 x1 e0 e1 l9 t0 }
  noise model: unit (2) 

Factor 118:   keys = { x0 x1 e0 e1 l9 t0 }
  noise model: unit (2) 

Factor 119:   keys = { x0 x1 e0 e1 l9 t0 }
  noise model: unit (2) 

Factor 120:   keys = { e0 e1 l10 t0 }
  noise model: unit (2) 

Factor 121:   keys = { x0 x1 e0 e1 l10 t0 }
  noise model: unit (2) 

Factor 122:   keys = { x0 x1 e0 e1 l10 t0 }
  noise model: unit (2) 

Factor 123:   keys = { x0 x1 e0 e1 l10 t0 }
  noise model: unit (2) 

Factor 124:   keys = { x0 x1 e0 e1 l10 t0 }
  noise model: unit (2) 

Factor 125:   keys = { x0 x1 e0 e1 l10 t0 }
  noise model: unit (2) 

Factor 126:   keys = { x0 x1 e0 e1 l10 t0 }
  noise model: unit (2) 

Factor 127:   keys = { x0 x1 e0 e1 l10 t0 }
  noise model: unit (2) 

Factor 128:   keys = { x0 x1 e0 e1 l10 t0 }
  noise model: unit (2) 

Factor 129:   keys = { x0 x1 e0 e1 l10 t0 }
  noise model: unit (2) 

Factor 130:   keys = { x0 x1 e0 e1 l10 t0 }
  noise model: unit (2) 

Factor 131:   keys = { e0 e1 l11 t0 }
  noise model: unit (2) 

Factor 132:   keys = { x0 x1 e0 e1 l11 t0 }
  noise model: unit (2) 

Factor 133:   keys = { x0 x1 e0 e1 l11 t0 }
  noise model: unit (2) 

Factor 134:   keys = { x0 x1 e0 e1 l11 t0 }
  noise model: unit (2) 

Factor 135:   keys = { x0 x1 e0 e1 l11 t0 }
  noise model: unit (2) 

Factor 136:   keys = { x0 x1 e0 e1 l11 t0 }
  noise model: unit (2) 

Factor 137:   keys = { x0 x1 e0 e1 l11 t0 }
  noise model: unit (2) 

Factor 138:   keys = { x0 x1 e0 e1 l11 t0 }
  noise model: unit (2) 

Factor 139:   keys = { x0 x1 e0 e1 l11 t0 }
  noise model: unit (2) 

Factor 140:   keys = { x0 x1 e0 e1 l11 t0 }
  noise model: unit (2) 

Factor 141:   keys = { x0 x1 e0 e1 l11 t0 }
  noise model: unit (2) 

Factor 142:   keys = { e0 e1 l12 t0 }
  noise model: unit (2) 

Factor 143:   keys = { x0 x1 e0 e1 l12 t0 }
  noise model: unit (2) 

Factor 144:   keys = { x0 x1 e0 e1 l12 t0 }
  noise model: unit (2) 

Factor 145:   keys = { x0 x1 e0 e1 l12 t0 }
  noise model: unit (2) 

Factor 146:   keys = { x0 x1 e0 e1 l12 t0 }
  noise model: unit (2) 

Factor 147:   keys = { x0 x1 e0 e1 l12 t0 }
  noise model: unit (2) 

Factor 148:   keys = { x0 x1 e0 e1 l12 t0 }
  noise model: unit (2) 

Factor 149:   keys = { x0 x1 e0 e1 l12 t0 }
  noise model: unit (2) 

Factor 150:   keys = { x0 x1 e0 e1 l12 t0 }
  noise model: unit (2) 

Factor 151:   keys = { x0 x1 e0 e1 l12 t0 }
  noise model: unit (2) 

Factor 152:   keys = { x0 x1 e0 e1 l12 t0 }
  noise model: unit (2) 

Factor 153:   keys = { e0 e1 l13 t0 }
  noise model: unit (2) 

Factor 154:   keys = { x0 x1 e0 e1 l13 t0 }
  noise model: unit (2) 

Factor 155:   keys = { x0 x1 e0 e1 l13 t0 }
  noise model: unit (2) 

Factor 156:   keys = { x0 x1 e0 e1 l13 t0 }
  noise model: unit (2) 

Factor 157:   keys = { x0 x1 e0 e1 l13 t0 }
  noise model: unit (2) 

Factor 158:   keys = { x0 x1 e0 e1 l13 t0 }
  noise model: unit (2) 

Factor 159:   keys = { x0 x1 e0 e1 l13 t0 }
  noise model: unit (2) 

Factor 160:   keys = { x0 x1 e0 e1 l13 t0 }
  noise model: unit (2) 

Factor 161:   keys = { x0 x1 e0 e1 l13 t0 }
  noise model: unit (2) 

Factor 162:   keys = { x0 x1 e0 e1 l13 t0 }
  noise model: unit (2) 

Factor 163:   keys = { x0 x1 e0 e1 l13 t0 }
  noise model: unit (2) 

Factor 164:   keys = { e0 e1 l14 t0 }
  noise model: unit (2) 

Factor 165:   keys = { x0 x1 e0 e1 l14 t0 }
  noise model: unit (2) 

Factor 166:   keys = { x0 x1 e0 e1 l14 t0 }
  noise model: unit (2) 

Factor 167:   keys = { x0 x1 e0 e1 l14 t0 }
  noise model: unit (2) 

Factor 168:   keys = { x0 x1 e0 e1 l14 t0 }
  noise model: unit (2) 

Factor 169:   keys = { x0 x1 e0 e1 l14 t0 }
  noise model: unit (2) 

Factor 170:   keys = { x0 x1 e0 e1 l14 t0 }
  noise model: unit (2) 

Factor 171:   keys = { x0 x1 e0 e1 l14 t0 }
  noise model: unit (2) 

Factor 172:   keys = { x0 x1 e0 e1 l14 t0 }
  noise model: unit (2) 

Factor 173:   keys = { x0 x1 e0 e1 l14 t0 }
  noise model: unit (2) 

Factor 174:   keys = { x0 x1 e0 e1 l14 t0 }
  noise model: unit (2) 

Factor 175:   keys = { e0 e1 l15 t0 }
  noise model: unit (2) 

Factor 176:   keys = { x0 x1 e0 e1 l15 t0 }
  noise model: unit (2) 

Factor 177:   keys = { x0 x1 e0 e1 l15 t0 }
  noise model: unit (2) 

Factor 178:   keys = { x0 x1 e0 e1 l15 t0 }
  noise model: unit (2) 

Factor 179:   keys = { x0 x1 e0 e1 l15 t0 }
  noise model: unit (2) 

Factor 180:   keys = { x0 x1 e0 e1 l15 t0 }
  noise model: unit (2) 

Factor 181:   keys = { x0 x1 e0 e1 l15 t0 }
  noise model: unit (2) 

Factor 182:   keys = { x0 x1 e0 e1 l15 t0 }
  noise model: unit (2) 

Factor 183:   keys = { x0 x1 e0 e1 l15 t0 }
  noise model: unit (2) 

Factor 184:   keys = { x0 x1 e0 e1 l15 t0 }
  noise model: unit (2) 

Factor 185:   keys = { x0 x1 e0 e1 l15 t0 }
  noise model: unit (2) 

Factor 186:   keys = { e0 e1 l16 t0 }
  noise model: unit (2) 

Factor 187:   keys = { x0 x1 e0 e1 l16 t0 }
  noise model: unit (2) 

Factor 188:   keys = { x0 x1 e0 e1 l16 t0 }
  noise model: unit (2) 

Factor 189:   keys = { x0 x1 e0 e1 l16 t0 }
  noise model: unit (2) 

Factor 190:   keys = { x0 x1 e0 e1 l16 t0 }
  noise model: unit (2) 

Factor 191:   keys = { x0 x1 e0 e1 l16 t0 }
  noise model: unit (2) 

Factor 192:   keys = { x0 x1 e0 e1 l16 t0 }
  noise model: unit (2) 

Factor 193:   keys = { x0 x1 e0 e1 l16 t0 }
  noise model: unit (2) 

Factor 194:   keys = { x0 x1 e0 e1 l16 t0 }
  noise model: unit (2) 

Factor 195:   keys = { x0 x1 e0 e1 l16 t0 }
  noise model: unit (2) 

Factor 196:   keys = { x0 x1 e0 e1 l16 t0 }
  noise model: unit (2) 

Factor 197:   keys = { e0 e1 l17 t0 }
  noise model: unit (2) 

Factor 198:   keys = { x0 x1 e0 e1 l17 t0 }
  noise model: unit (2) 

Factor 199:   keys = { x0 x1 e0 e1 l17 t0 }
  noise model: unit (2) 

Factor 200:   keys = { x0 x1 e0 e1 l17 t0 }
  noise model: unit (2) 

Factor 201:   keys = { x0 x1 e0 e1 l17 t0 }
  noise model: unit (2) 

Factor 202:   keys = { x0 x1 e0 e1 l17 t0 }
  noise model: unit (2) 

Factor 203:   keys = { x0 x1 e0 e1 l17 t0 }
  noise model: unit (2) 

Factor 204:   keys = { x0 x1 e0 e1 l17 t0 }
  noise model: unit (2) 

Factor 205:   keys = { x0 x1 e0 e1 l17 t0 }
  noise model: unit (2) 

Factor 206:   keys = { x0 x1 e0 e1 l17 t0 }
  noise model: unit (2) 

Factor 207:   keys = { x0 x1 e0 e1 l17 t0 }
  noise model: unit (2) 

Factor 208:   keys = { e0 e1 l18 t0 }
  noise model: unit (2) 

Factor 209:   keys = { x0 x1 e0 e1 l18 t0 }
  noise model: unit (2) 

Factor 210:   keys = { x0 x1 e0 e1 l18 t0 }
  noise model: unit (2) 

Factor 211:   keys = { x0 x1 e0 e1 l18 t0 }
  noise model: unit (2) 

Factor 212:   keys = { x0 x1 e0 e1 l18 t0 }
  noise model: unit (2) 

Factor 213:   keys = { x0 x1 e0 e1 l18 t0 }
  noise model: unit (2) 

Factor 214:   keys = { x0 x1 e0 e1 l18 t0 }
  noise model: unit (2) 

Factor 215:   keys = { x0 x1 e0 e1 l18 t0 }
  noise model: unit (2) 

Factor 216:   keys = { x0 x1 e0 e1 l18 t0 }
  noise model: unit (2) 

Factor 217:   keys = { x0 x1 e0 e1 l18 t0 }
  noise model: unit (2) 

Factor 218:   keys = { x0 x1 e0 e1 l18 t0 }
  noise model: unit (2) 

Factor 219:   keys = { e0 e1 l19 t0 }
  noise model: unit (2) 

Factor 220:   keys = { x0 x1 e0 e1 l19 t0 }
  noise model: unit (2) 

Factor 221:   keys = { x0 x1 e0 e1 l19 t0 }
  noise model: unit (2) 

Factor 222:   keys = { x0 x1 e0 e1 l19 t0 }
  noise model: unit (2) 

Factor 223:   keys = { x0 x1 e0 e1 l19 t0 }
  noise model: unit (2) 

Factor 224:   keys = { x0 x1 e0 e1 l19 t0 }
  noise model: unit (2) 

Factor 225:   keys = { x0 x1 e0 e1 l19 t0 }
  noise model: unit (2) 

Factor 226:   keys = { x0 x1 e0 e1 l19 t0 }
  noise model: unit (2) 

Factor 227:   keys = { x0 x1 e0 e1 l19 t0 }
  noise model: unit (2) 

Factor 228:   keys = { x0 x1 e0 e1 l19 t0 }
  noise model: unit (2) 

Factor 229:   keys = { x0 x1 e0 e1 l19 t0 }
  noise model: unit (2) 

Factor 230:   keys = { e0 e1 l20 t0 }
  noise model: unit (2) 

Factor 231:   keys = { x0 x1 e0 e1 l20 t0 }
  noise model: unit (2) 

Factor 232:   keys = { x0 x1 e0 e1 l20 t0 }
  noise model: unit (2) 

Factor 233:   keys = { x0 x1 e0 e1 l20 t0 }
  noise model: unit (2) 

Factor 234:   keys = { x0 x1 e0 e1 l20 t0 }
  noise model: unit (2) 

Factor 235:   keys = { x0 x1 e0 e1 l20 t0 }
  noise model: unit (2) 

Factor 236:   keys = { x0 x1 e0 e1 l20 t0 }
  noise model: unit (2) 

Factor 237:   keys = { x0 x1 e0 e1 l20 t0 }
  noise model: unit (2) 

Factor 238:   keys = { x0 x1 e0 e1 l20 t0 }
  noise model: unit (2) 

Factor 239:   keys = { x0 x1 e0 e1 l20 t0 }
  noise model: unit (2) 

Factor 240:   keys = { x0 x1 e0 e1 l20 t0 }
  noise model: unit (2) 

Factor 241:   keys = { e0 e1 l21 t0 }
  noise model: unit (2) 

Factor 242:   keys = { x0 x1 e0 e1 l21 t0 }
  noise model: unit (2) 

Factor 243:   keys = { x0 x1 e0 e1 l21 t0 }
  noise model: unit (2) 

Factor 244:   keys = { x0 x1 e0 e1 l21 t0 }
  noise model: unit (2) 

Factor 245:   keys = { x0 x1 e0 e1 l21 t0 }
  noise model: unit (2) 

Factor 246:   keys = { x0 x1 e0 e1 l21 t0 }
  noise model: unit (2) 

Factor 247:   keys = { x0 x1 e0 e1 l21 t0 }
  noise model: unit (2) 

Factor 248:   keys = { x0 x1 e0 e1 l21 t0 }
  noise model: unit (2) 

Factor 249:   keys = { x0 x1 e0 e1 l21 t0 }
  noise model: unit (2) 

Factor 250:   keys = { x0 x1 e0 e1 l21 t0 }
  noise model: unit (2) 

Factor 251:   keys = { x0 x1 e0 e1 l21 t0 }
  noise model: unit (2) 

Factor 252:   keys = { e0 e1 l22 t0 }
  noise model: unit (2) 

Factor 253:   keys = { x0 x1 e0 e1 l22 t0 }
  noise model: unit (2) 

Factor 254:   keys = { x0 x1 e0 e1 l22 t0 }
  noise model: unit (2) 

Factor 255:   keys = { x0 x1 e0 e1 l22 t0 }
  noise model: unit (2) 

Factor 256:   keys = { x0 x1 e0 e1 l22 t0 }
  noise model: unit (2) 

Factor 257:   keys = { x0 x1 e0 e1 l22 t0 }
  noise model: unit (2) 

Factor 258:   keys = { x0 x1 e0 e1 l22 t0 }
  noise model: unit (2) 

Factor 259:   keys = { x0 x1 e0 e1 l22 t0 }
  noise model: unit (2) 

Factor 260:   keys = { x0 x1 e0 e1 l22 t0 }
  noise model: unit (2) 

Factor 261:   keys = { x0 x1 e0 e1 l22 t0 }
  noise model: unit (2) 

Factor 262:   keys = { x0 x1 e0 e1 l22 t0 }
  noise model: unit (2) 

Factor 263:   keys = { e0 e1 l23 t0 }
  noise model: unit (2) 

Factor 264:   keys = { x0 x1 e0 e1 l23 t0 }
  noise model: unit (2) 

Factor 265:   keys = { x0 x1 e0 e1 l23 t0 }
  noise model: unit (2) 

Factor 266:   keys = { x0 x1 e0 e1 l23 t0 }
  noise model: unit (2) 

Factor 267:   keys = { x0 x1 e0 e1 l23 t0 }
  noise model: unit (2) 

Factor 268:   keys = { x0 x1 e0 e1 l23 t0 }
  noise model: unit (2) 

Factor 269:   keys = { x0 x1 e0 e1 l23 t0 }
  noise model: unit (2) 

Factor 270:   keys = { x0 x1 e0 e1 l23 t0 }
  noise model: unit (2) 

Factor 271:   keys = { x0 x1 e0 e1 l23 t0 }
  noise model: unit (2) 

Factor 272:   keys = { x0 x1 e0 e1 l23 t0 }
  noise model: unit (2) 

Factor 273:   keys = { x0 x1 e0 e1 l23 t0 }
  noise model: unit (2) 

Factor 274:   keys = { e0 e1 l24 t0 }
  noise model: unit (2) 

Factor 275:   keys = { x0 x1 e0 e1 l24 t0 }
  noise model: unit (2) 

Factor 276:   keys = { x0 x1 e0 e1 l24 t0 }
  noise model: unit (2) 

Factor 277:   keys = { x0 x1 e0 e1 l24 t0 }
  noise model: unit (2) 

Factor 278:   keys = { x0 x1 e0 e1 l24 t0 }
  noise model: unit (2) 

Factor 279:   keys = { x0 x1 e0 e1 l24 t0 }
  noise model: unit (2) 

Factor 280:   keys = { x0 x1 e0 e1 l24 t0 }
  noise model: unit (2) 

Factor 281:   keys = { x0 x1 e0 e1 l24 t0 }
  noise model: unit (2) 

Factor 282:   keys = { x0 x1 e0 e1 l24 t0 }
  noise model: unit (2) 

Factor 283:   keys = { x0 x1 e0 e1 l24 t0 }
  noise model: unit (2) 

Factor 284:   keys = { x0 x1 e0 e1 l24 t0 }
  noise model: unit (2) 

Factor 285:   keys = { e0 e1 l25 t0 }
  noise model: unit (2) 

Factor 286:   keys = { x0 x1 e0 e1 l25 t0 }
  noise model: unit (2) 

Factor 287:   keys = { x0 x1 e0 e1 l25 t0 }
  noise model: unit (2) 

Factor 288:   keys = { x0 x1 e0 e1 l25 t0 }
  noise model: unit (2) 

Factor 289:   keys = { x0 x1 e0 e1 l25 t0 }
  noise model: unit (2) 

Factor 290:   keys = { x0 x1 e0 e1 l25 t0 }
  noise model: unit (2) 

Factor 291:   keys = { x0 x1 e0 e1 l25 t0 }
  noise model: unit (2) 

Factor 292:   keys = { x0 x1 e0 e1 l25 t0 }
  noise model: unit (2) 

Factor 293:   keys = { x0 x1 e0 e1 l25 t0 }
  noise model: unit (2) 

Factor 294:   keys = { x0 x1 e0 e1 l25 t0 }
  noise model: unit (2) 

Factor 295:   keys = { x0 x1 e0 e1 l25 t0 }
  noise model: unit (2) 

Factor 296:   keys = { e0 e1 l26 t0 }
  noise model: unit (2) 

Factor 297:   keys = { x0 x1 e0 e1 l26 t0 }
  noise model: unit (2) 

Factor 298:   keys = { x0 x1 e0 e1 l26 t0 }
  noise model: unit (2) 

Factor 299:   keys = { x0 x1 e0 e1 l26 t0 }
  noise model: unit (2) 

Factor 300:   keys = { x0 x1 e0 e1 l26 t0 }
  noise model: unit (2) 

Factor 301:   keys = { x0 x1 e0 e1 l26 t0 }
  noise model: unit (2) 

Factor 302:   keys = { x0 x1 e0 e1 l26 t0 }
  noise model: unit (2) 

Factor 303:   keys = { x0 x1 e0 e1 l26 t0 }
  noise model: unit (2) 

Factor 304:   keys = { x0 x1 e0 e1 l26 t0 }
  noise model: unit (2) 

Factor 305:   keys = { x0 x1 e0 e1 l26 t0 }
  noise model: unit (2) 

Factor 306:   keys = { x0 x1 e0 e1 l26 t0 }
  noise model: unit (2) 

Factor 307:   keys = { e0 e1 l27 t0 }
  noise model: unit (2) 

Factor 308:   keys = { x0 x1 e0 e1 l27 t0 }
  noise model: unit (2) 

Factor 309:   keys = { x0 x1 e0 e1 l27 t0 }
  noise model: unit (2) 

Factor 310:   keys = { x0 x1 e0 e1 l27 t0 }
  noise model: unit (2) 

Factor 311:   keys = { x0 x1 e0 e1 l27 t0 }
  noise model: unit (2) 

Factor 312:   keys = { x0 x1 e0 e1 l27 t0 }
  noise model: unit (2) 

Factor 313:   keys = { x0 x1 e0 e1 l27 t0 }
  noise model: unit (2) 

Factor 314:   keys = { x0 x1 e0 e1 l27 t0 }
  noise model: unit (2) 

Factor 315:   keys = { x0 x1 e0 e1 l27 t0 }
  noise model: unit (2) 

Factor 316:   keys = { x0 x1 e0 e1 l27 t0 }
  noise model: unit (2) 

Factor 317:   keys = { x0 x1 e0 e1 l27 t0 }
  noise model: unit (2) 

Factor 318:   keys = { e0 e1 l28 t0 }
  noise model: unit (2) 

Factor 319:   keys = { x0 x1 e0 e1 l28 t0 }
  noise model: unit (2) 

Factor 320:   keys = { x0 x1 e0 e1 l28 t0 }
  noise model: unit (2) 

Factor 321:   keys = { x0 x1 e0 e1 l28 t0 }
  noise model: unit (2) 

Factor 322:   keys = { x0 x1 e0 e1 l28 t0 }
  noise model: unit (2) 

Factor 323:   keys = { x0 x1 e0 e1 l28 t0 }
  noise model: unit (2) 

Factor 324:   keys = { x0 x1 e0 e1 l28 t0 }
  noise model: unit (2) 

Factor 325:   keys = { x0 x1 e0 e1 l28 t0 }
  noise model: unit (2) 

Factor 326:   keys = { x0 x1 e0 e1 l28 t0 }
  noise model: unit (2) 

Factor 327:   keys = { x0 x1 e0 e1 l28 t0 }
  noise model: unit (2) 

Factor 328:   keys = { x0 x1 e0 e1 l28 t0 }
  noise model: unit (2) 

Factor 329:   keys = { e0 e1 l29 t0 }
  noise model: unit (2) 

Factor 330:   keys = { x0 x1 e0 e1 l29 t0 }
  noise model: unit (2) 

Factor 331:   keys = { x0 x1 e0 e1 l29 t0 }
  noise model: unit (2) 

Factor 332:   keys = { x0 x1 e0 e1 l29 t0 }
  noise model: unit (2) 

Factor 333:   keys = { x0 x1 e0 e1 l29 t0 }
  noise model: unit (2) 

Factor 334:   keys = { x0 x1 e0 e1 l29 t0 }
  noise model: unit (2) 

Factor 335:   keys = { x0 x1 e0 e1 l29 t0 }
  noise model: unit (2) 

Factor 336:   keys = { x0 x1 e0 e1 l29 t0 }
  noise model: unit (2) 

Factor 337:   keys = { x0 x1 e0 e1 l29 t0 }
  noise model: unit (2) 

Factor 338:   keys = { x0 x1 e0 e1 l29 t0 }
  noise model: unit (2) 

Factor 339:   keys = { x0 x1 e0 e1 l29 t0 }
  noise model: unit (2) 

Factor 340:   keys = { e0 e1 l30 t0 }
  noise model: unit (2) 

Factor 341:   keys = { x0 x1 e0 e1 l30 t0 }
  noise model: unit (2) 

Factor 342:   keys = { x0 x1 e0 e1 l30 t0 }
  noise model: unit (2) 

Factor 343:   keys = { x0 x1 e0 e1 l30 t0 }
  noise model: unit (2) 

Factor 344:   keys = { x0 x1 e0 e1 l30 t0 }
  noise model: unit (2) 

Factor 345:   keys = { x0 x1 e0 e1 l30 t0 }
  noise model: unit (2) 

Factor 346:   keys = { x0 x1 e0 e1 l30 t0 }
  noise model: unit (2) 

Factor 347:   keys = { x0 x1 e0 e1 l30 t0 }
  noise model: unit (2) 

Factor 348:   keys = { x0 x1 e0 e1 l30 t0 }
  noise model: unit (2) 

Factor 349:   keys = { x0 x1 e0 e1 l30 t0 }
  noise model: unit (2) 

Factor 350:   keys = { x0 x1 e0 e1 l30 t0 }
  noise model: unit (2) 

Factor 351:   keys = { e0 e1 l31 t0 }
  noise model: unit (2) 

Factor 352:   keys = { x0 x1 e0 e1 l31 t0 }
  noise model: unit (2) 

Factor 353:   keys = { x0 x1 e0 e1 l31 t0 }
  noise model: unit (2) 

Factor 354:   keys = { x0 x1 e0 e1 l31 t0 }
  noise model: unit (2) 

Factor 355:   keys = { x0 x1 e0 e1 l31 t0 }
  noise model: unit (2) 

Factor 356:   keys = { x0 x1 e0 e1 l31 t0 }
  noise model: unit (2) 

Factor 357:   keys = { x0 x1 e0 e1 l31 t0 }
  noise model: unit (2) 

Factor 358:   keys = { x0 x1 e0 e1 l31 t0 }
  noise model: unit (2) 

Factor 359:   keys = { x0 x1 e0 e1 l31 t0 }
  noise model: unit (2) 

Factor 360:   keys = { x0 x1 e0 e1 l31 t0 }
  noise model: unit (2) 

Factor 361:   keys = { x0 x1 e0 e1 l31 t0 }
  noise model: unit (2) 

Factor 362:   keys = { e0 e1 l32 t0 }
  noise model: unit (2) 

Factor 363:   keys = { x0 x1 e0 e1 l32 t0 }
  noise model: unit (2) 

Factor 364:   keys = { x0 x1 e0 e1 l32 t0 }
  noise model: unit (2) 

Factor 365:   keys = { x0 x1 e0 e1 l32 t0 }
  noise model: unit (2) 

Factor 366:   keys = { x0 x1 e0 e1 l32 t0 }
  noise model: unit (2) 

Factor 367:   keys = { x0 x1 e0 e1 l32 t0 }
  noise model: unit (2) 

Factor 368:   keys = { x0 x1 e0 e1 l32 t0 }
  noise model: unit (2) 

Factor 369:   keys = { x0 x1 e0 e1 l32 t0 }
  noise model: unit (2) 

Factor 370:   keys = { x0 x1 e0 e1 l32 t0 }
  noise model: unit (2) 

Factor 371:   keys = { x0 x1 e0 e1 l32 t0 }
  noise model: unit (2) 

Factor 372:   keys = { x0 x1 e0 e1 l32 t0 }
  noise model: unit (2) 

Factor 373:   keys = { e0 e1 l33 t0 }
  noise model: unit (2) 

Factor 374:   keys = { x0 x1 e0 e1 l33 t0 }
  noise model: unit (2) 

Factor 375:   keys = { x0 x1 e0 e1 l33 t0 }
  noise model: unit (2) 

Factor 376:   keys = { x0 x1 e0 e1 l33 t0 }
  noise model: unit (2) 

Factor 377:   keys = { x0 x1 e0 e1 l33 t0 }
  noise model: unit (2) 

Factor 378:   keys = { x0 x1 e0 e1 l33 t0 }
  noise model: unit (2) 

Factor 379:   keys = { x0 x1 e0 e1 l33 t0 }
  noise model: unit (2) 

Factor 380:   keys = { x0 x1 e0 e1 l33 t0 }
  noise model: unit (2) 

Factor 381:   keys = { x0 x1 e0 e1 l33 t0 }
  noise model: unit (2) 

Factor 382:   keys = { x0 x1 e0 e1 l33 t0 }
  noise model: unit (2) 

Factor 383:   keys = { x0 x1 e0 e1 l33 t0 }
  noise model: unit (2) 

Factor 384:   keys = { e0 e1 l34 t0 }
  noise model: unit (2) 

Factor 385:   keys = { x0 x1 e0 e1 l34 t0 }
  noise model: unit (2) 

Factor 386:   keys = { x0 x1 e0 e1 l34 t0 }
  noise model: unit (2) 

Factor 387:   keys = { x0 x1 e0 e1 l34 t0 }
  noise model: unit (2) 

Factor 388:   keys = { x0 x1 e0 e1 l34 t0 }
  noise model: unit (2) 

Factor 389:   keys = { x0 x1 e0 e1 l34 t0 }
  noise model: unit (2) 

Factor 390:   keys = { x0 x1 e0 e1 l34 t0 }
  noise model: unit (2) 

Factor 391:   keys = { x0 x1 e0 e1 l34 t0 }
  noise model: unit (2) 

Factor 392:   keys = { x0 x1 e0 e1 l34 t0 }
  noise model: unit (2) 

Factor 393:   keys = { x0 x1 e0 e1 l34 t0 }
  noise model: unit (2) 

Factor 394:   keys = { x0 x1 e0 e1 l34 t0 }
  noise model: unit (2) 

Factor 395:   keys = { e0 e1 l35 t0 }
  noise model: unit (2) 

Factor 396:   keys = { x0 x1 e0 e1 l35 t0 }
  noise model: unit (2) 

Factor 397:   keys = { x0 x1 e0 e1 l35 t0 }
  noise model: unit (2) 

Factor 398:   keys = { x0 x1 e0 e1 l35 t0 }
  noise model: unit (2) 

Factor 399:   keys = { x0 x1 e0 e1 l35 t0 }
  noise model: unit (2) 

Factor 400:   keys = { x0 x1 e0 e1 l35 t0 }
  noise model: unit (2) 

Factor 401:   keys = { x0 x1 e0 e1 l35 t0 }
  noise model: unit (2) 

Factor 402:   keys = { x0 x1 e0 e1 l35 t0 }
  noise model: unit (2) 

Factor 403:   keys = { x0 x1 e0 e1 l35 t0 }
  noise model: unit (2) 

Factor 404:   keys = { x0 x1 e0 e1 l35 t0 }
  noise model: unit (2) 

Factor 405:   keys = { x0 x1 e0 e1 l35 t0 }
  noise model: unit (2) 

Factor 406:   keys = { e0 e1 l36 t0 }
  noise model: unit (2) 

Factor 407:   keys = { x0 x1 e0 e1 l36 t0 }
  noise model: unit (2) 

Factor 408:   keys = { x0 x1 e0 e1 l36 t0 }
  noise model: unit (2) 

Factor 409:   keys = { x0 x1 e0 e1 l36 t0 }
  noise model: unit (2) 

Factor 410:   keys = { x0 x1 e0 e1 l36 t0 }
  noise model: unit (2) 

Factor 411:   keys = { x0 x1 e0 e1 l36 t0 }
  noise model: unit (2) 

Factor 412:   keys = { x0 x1 e0 e1 l36 t0 }
  noise model: unit (2) 

Factor 413:   keys = { x0 x1 e0 e1 l36 t0 }
  noise model: unit (2) 

Factor 414:   keys = { x0 x1 e0 e1 l36 t0 }
  noise model: unit (2) 

Factor 415:   keys = { x0 x1 e0 e1 l36 t0 }
  noise model: unit (2) 

Factor 416:   keys = { x0 x1 e0 e1 l36 t0 }
  noise model: unit (2) 

Factor 417:   keys = { e0 e1 l37 t0 }
  noise model: unit (2) 

Factor 418:   keys = { x0 x1 e0 e1 l37 t0 }
  noise model: unit (2) 

Factor 419:   keys = { x0 x1 e0 e1 l37 t0 }
  noise model: unit (2) 

Factor 420:   keys = { x0 x1 e0 e1 l37 t0 }
  noise model: unit (2) 

Factor 421:   keys = { x0 x1 e0 e1 l37 t0 }
  noise model: unit (2) 

Factor 422:   keys = { x0 x1 e0 e1 l37 t0 }
  noise model: unit (2) 

Factor 423:   keys = { x0 x1 e0 e1 l37 t0 }
  noise model: unit (2) 

Factor 424:   keys = { x0 x1 e0 e1 l37 t0 }
  noise model: unit (2) 

Factor 425:   keys = { x0 x1 e0 e1 l37 t0 }
  noise model: unit (2) 

Factor 426:   keys = { x0 x1 e0 e1 l37 t0 }
  noise model: unit (2) 

Factor 427:   keys = { x0 x1 e0 e1 l37 t0 }
  noise model: unit (2) 

Factor 428:   keys = { e0 e1 l38 t0 }
  noise model: unit (2) 

Factor 429:   keys = { x0 x1 e0 e1 l38 t0 }
  noise model: unit (2) 

Factor 430:   keys = { x0 x1 e0 e1 l38 t0 }
  noise model: unit (2) 

Factor 431:   keys = { x0 x1 e0 e1 l38 t0 }
  noise model: unit (2) 

Factor 432:   keys = { x0 x1 e0 e1 l38 t0 }
  noise model: unit (2) 

Factor 433:   keys = { x0 x1 e0 e1 l38 t0 }
  noise model: unit (2) 

Factor 434:   keys = { x0 x1 e0 e1 l38 t0 }
  noise model: unit (2) 

Factor 435:   keys = { x0 x1 e0 e1 l38 t0 }
  noise model: unit (2) 

Factor 436:   keys = { x0 x1 e0 e1 l38 t0 }
  noise model: unit (2) 

Factor 437:   keys = { x0 x1 e0 e1 l38 t0 }
  noise model: unit (2) 

Factor 438:   keys = { x0 x1 e0 e1 l38 t0 }
  noise model: unit (2) 

Factor 439:   keys = { e0 e1 l39 t0 }
  noise model: unit (2) 

Factor 440:   keys = { x0 x1 e0 e1 l39 t0 }
  noise model: unit (2) 

Factor 441:   keys = { x0 x1 e0 e1 l39 t0 }
  noise model: unit (2) 

Factor 442:   keys = { x0 x1 e0 e1 l39 t0 }
  noise model: unit (2) 

Factor 443:   keys = { x0 x1 e0 e1 l39 t0 }
  noise model: unit (2) 

Factor 444:   keys = { x0 x1 e0 e1 l39 t0 }
  noise model: unit (2) 

Factor 445:   keys = { x0 x1 e0 e1 l39 t0 }
  noise model: unit (2) 

Factor 446:   keys = { x0 x1 e0 e1 l39 t0 }
  noise model: unit (2) 

Factor 447:   keys = { x0 x1 e0 e1 l39 t0 }
  noise model: unit (2) 

Factor 448:   keys = { x0 x1 e0 e1 l39 t0 }
  noise model: unit (2) 

Factor 449:   keys = { x0 x1 e0 e1 l39 t0 }
  noise model: unit (2) 

Factor 450:   keys = { e0 e1 l40 t0 }
  noise model: unit (2) 

Factor 451:   keys = { x0 x1 e0 e1 l40 t0 }
  noise model: unit (2) 

Factor 452:   keys = { x0 x1 e0 e1 l40 t0 }
  noise model: unit (2) 

Factor 453:   keys = { x0 x1 e0 e1 l40 t0 }
  noise model: unit (2) 

Factor 454:   keys = { x0 x1 e0 e1 l40 t0 }
  noise model: unit (2) 

Factor 455:   keys = { x0 x1 e0 e1 l40 t0 }
  noise model: unit (2) 

Factor 456:   keys = { x0 x1 e0 e1 l40 t0 }
  noise model: unit (2) 

Factor 457:   keys = { x0 x1 e0 e1 l40 t0 }
  noise model: unit (2) 

Factor 458:   keys = { x0 x1 e0 e1 l40 t0 }
  noise model: unit (2) 

Factor 459:   keys = { x0 x1 e0 e1 l40 t0 }
  noise model: unit (2) 

Factor 460:   keys = { e0 e1 l41 t0 }
  noise model: unit (2) 

Factor 461:   keys = { x0 x1 e0 e1 l41 t0 }
  noise model: unit (2) 

Factor 462:   keys = { x0 x1 e0 e1 l41 t0 }
  noise model: unit (2) 

Factor 463:   keys = { x0 x1 e0 e1 l41 t0 }
  noise model: unit (2) 

Factor 464:   keys = { x0 x1 e0 e1 l41 t0 }
  noise model: unit (2) 

Factor 465:   keys = { x0 x1 e0 e1 l41 t0 }
  noise model: unit (2) 

Factor 466:   keys = { x0 x1 e0 e1 l41 t0 }
  noise model: unit (2) 

Factor 467:   keys = { x0 x1 e0 e1 l41 t0 }
  noise model: unit (2) 

Factor 468:   keys = { x0 x1 e0 e1 l41 t0 }
  noise model: unit (2) 

Factor 469:   keys = { x0 x1 e0 e1 l41 t0 }
  noise model: unit (2) 

Factor 470:   keys = { x0 x1 e0 e1 l41 t0 }
  noise model: unit (2) 

Factor 471:   keys = { e0 e1 l42 t0 }
  noise model: unit (2) 

Factor 472:   keys = { x0 x1 e0 e1 l42 t0 }
  noise model: unit (2) 

Factor 473:   keys = { x0 x1 e0 e1 l42 t0 }
  noise model: unit (2) 

Factor 474:   keys = { x0 x1 e0 e1 l42 t0 }
  noise model: unit (2) 

Factor 475:   keys = { x0 x1 e0 e1 l42 t0 }
  noise model: unit (2) 

Factor 476:   keys = { x0 x1 e0 e1 l42 t0 }
  noise model: unit (2) 

Factor 477:   keys = { x0 x1 e0 e1 l42 t0 }
  noise model: unit (2) 

Factor 478:   keys = { x0 x1 e0 e1 l42 t0 }
  noise model: unit (2) 

Factor 479:   keys = { x0 x1 e0 e1 l42 t0 }
  noise model: unit (2) 

Factor 480:   keys = { x0 x1 e0 e1 l42 t0 }
  noise model: unit (2) 

Factor 481:   keys = { x0 x1 e0 e1 l42 t0 }
  noise model: unit (2) 

Factor 482:   keys = { e0 e1 l43 t0 }
  noise model: unit (2) 

Factor 483:   keys = { x0 x1 e0 e1 l43 t0 }
  noise model: unit (2) 

Factor 484:   keys = { x0 x1 e0 e1 l43 t0 }
  noise model: unit (2) 

Factor 485:   keys = { x0 x1 e0 e1 l43 t0 }
  noise model: unit (2) 

Factor 486:   keys = { x0 x1 e0 e1 l43 t0 }
  noise model: unit (2) 

Factor 487:   keys = { x0 x1 e0 e1 l43 t0 }
  noise model: unit (2) 

Factor 488:   keys = { x0 x1 e0 e1 l43 t0 }
  noise model: unit (2) 

Factor 489:   keys = { x0 x1 e0 e1 l43 t0 }
  noise model: unit (2) 

Factor 490:   keys = { x0 x1 e0 e1 l43 t0 }
  noise model: unit (2) 

Factor 491:   keys = { x0 x1 e0 e1 l43 t0 }
  noise model: unit (2) 

Factor 492:   keys = { e0 e1 l44 t0 }
  noise model: unit (2) 

Factor 493:   keys = { x0 x1 e0 e1 l44 t0 }
  noise model: unit (2) 

Factor 494:   keys = { x0 x1 e0 e1 l44 t0 }
  noise model: unit (2) 

Factor 495:   keys = { x0 x1 e0 e1 l44 t0 }
  noise model: unit (2) 

Factor 496:   keys = { x0 x1 e0 e1 l44 t0 }
  noise model: unit (2) 

Factor 497:   keys = { x0 x1 e0 e1 l44 t0 }
  noise model: unit (2) 

Factor 498:   keys = { x0 x1 e0 e1 l44 t0 }
  noise model: unit (2) 

Factor 499:   keys = { x0 x1 e0 e1 l44 t0 }
  noise model: unit (2) 

Factor 500:   keys = { x0 x1 e0 e1 l44 t0 }
  noise model: unit (2) 

Factor 501:   keys = { x0 x1 e0 e1 l44 t0 }
  noise model: unit (2) 

Factor 502:   keys = { x0 x1 e0 e1 l44 t0 }
  noise model: unit (2) 

Factor 503:   keys = { e0 e1 l45 t0 }
  noise model: unit (2) 

Factor 504:   keys = { x0 x1 e0 e1 l45 t0 }
  noise model: unit (2) 

Factor 505:   keys = { x0 x1 e0 e1 l45 t0 }
  noise model: unit (2) 

Factor 506:   keys = { x0 x1 e0 e1 l45 t0 }
  noise model: unit (2) 

Factor 507:   keys = { x0 x1 e0 e1 l45 t0 }
  noise model: unit (2) 

Factor 508:   keys = { x0 x1 e0 e1 l45 t0 }
  noise model: unit (2) 

Factor 509:   keys = { x0 x1 e0 e1 l45 t0 }
  noise model: unit (2) 

Factor 510:   keys = { x0 x1 e0 e1 l45 t0 }
  noise model: unit (2) 

Factor 511:   keys = { x0 x1 e0 e1 l45 t0 }
  noise model: unit (2) 

Factor 512:   keys = { x0 x1 e0 e1 l45 t0 }
  noise model: unit (2) 

Factor 513:   keys = { x0 x1 e0 e1 l45 t0 }
  noise model: unit (2) 

Factor 514:   keys = { e0 e1 l46 t0 }
  noise model: unit (2) 

Factor 515:   keys = { x0 x1 e0 e1 l46 t0 }
  noise model: unit (2) 

Factor 516:   keys = { x0 x1 e0 e1 l46 t0 }
  noise model: unit (2) 

Factor 517:   keys = { x0 x1 e0 e1 l46 t0 }
  noise model: unit (2) 

Factor 518:   keys = { x0 x1 e0 e1 l46 t0 }
  noise model: unit (2) 

Factor 519:   keys = { x0 x1 e0 e1 l46 t0 }
  noise model: unit (2) 

Factor 520:   keys = { x0 x1 e0 e1 l46 t0 }
  noise model: unit (2) 

Factor 521:   keys = { x0 x1 e0 e1 l46 t0 }
  noise model: unit (2) 

Factor 522:   keys = { x0 x1 e0 e1 l46 t0 }
  noise model: unit (2) 

Factor 523:   keys = { x0 x1 e0 e1 l46 t0 }
  noise model: unit (2) 

Factor 524:   keys = { x0 x1 e0 e1 l46 t0 }
  noise model: unit (2) 

Factor 525:   keys = { e0 e1 l47 t0 }
  noise model: unit (2) 

Factor 526:   keys = { x0 x1 e0 e1 l47 t0 }
  noise model: unit (2) 

Factor 527:   keys = { x0 x1 e0 e1 l47 t0 }
  noise model: unit (2) 

Factor 528:   keys = { x0 x1 e0 e1 l47 t0 }
  noise model: unit (2) 

Factor 529:   keys = { x0 x1 e0 e1 l47 t0 }
  noise model: unit (2) 

Factor 530:   keys = { x0 x1 e0 e1 l47 t0 }
  noise model: unit (2) 

Factor 531:   keys = { x0 x1 e0 e1 l47 t0 }
  noise model: unit (2) 

Factor 532:   keys = { x0 x1 e0 e1 l47 t0 }
  noise model: unit (2) 

Factor 533:   keys = { x0 x1 e0 e1 l47 t0 }
  noise model: unit (2) 

Factor 534:   keys = { x0 x1 e0 e1 l47 t0 }
  noise model: unit (2) 

Factor 535:   keys = { x0 x1 e0 e1 l47 t0 }
  noise model: unit (2) 

Factor 536:   keys = { e0 e1 l48 t0 }
  noise model: unit (2) 

Factor 537:   keys = { x0 x1 e0 e1 l48 t0 }
  noise model: unit (2) 

Factor 538:   keys = { x0 x1 e0 e1 l48 t0 }
  noise model: unit (2) 

Factor 539:   keys = { x0 x1 e0 e1 l48 t0 }
  noise model: unit (2) 

Factor 540:   keys = { x0 x1 e0 e1 l48 t0 }
  noise model: unit (2) 

Factor 541:   keys = { x0 x1 e0 e1 l48 t0 }
  noise model: unit (2) 

Factor 542:   keys = { x0 x1 e0 e1 l48 t0 }
  noise model: unit (2) 

Factor 543:   keys = { x0 x1 e0 e1 l48 t0 }
  noise model: unit (2) 

Factor 544:   keys = { x0 x1 e0 e1 l48 t0 }
  noise model: unit (2) 

Factor 545:   keys = { x0 x1 e0 e1 l48 t0 }
  noise model: unit (2) 

Factor 546:   keys = { x0 x1 e0 e1 l48 t0 }
  noise model: unit (2) 

Factor 547:   keys = { e0 e1 l49 t0 }
  noise model: unit (2) 

Factor 548:   keys = { x0 x1 e0 e1 l49 t0 }
  noise model: unit (2) 

Factor 549:   keys = { x0 x1 e0 e1 l49 t0 }
  noise model: unit (2) 

Factor 550:   keys = { x0 x1 e0 e1 l49 t0 }
  noise model: unit (2) 

Factor 551:   keys = { x0 x1 e0 e1 l49 t0 }
  noise model: unit (2) 

Factor 552:   keys = { x0 x1 e0 e1 l49 t0 }
  noise model: unit (2) 

Factor 553:   keys = { x0 x1 e0 e1 l49 t0 }
  noise model: unit (2) 

Factor 554:   keys = { x0 x1 e0 e1 l49 t0 }
  noise model: unit (2) 

Factor 555:   keys = { x0 x1 e0 e1 l49 t0 }
  noise model: unit (2) 

Factor 556:   keys = { x0 x1 e0 e1 l49 t0 }
  noise model: unit (2) 

Factor 557:   keys = { x0 x1 e0 e1 l49 t0 }
  noise model: unit (2) 

Factor 558:   keys = { e0 e1 l50 t0 }
  noise model: unit (2) 

Factor 559:   keys = { x0 x1 e0 e1 l50 t0 }
  noise model: unit (2) 

Factor 560:   keys = { x0 x1 e0 e1 l50 t0 }
  noise model: unit (2) 

Factor 561:   keys = { x0 x1 e0 e1 l50 t0 }
  noise model: unit (2) 

Factor 562:   keys = { x0 x1 e0 e1 l50 t0 }
  noise model: unit (2) 

Factor 563:   keys = { x0 x1 e0 e1 l50 t0 }
  noise model: unit (2) 

Factor 564:   keys = { x0 x1 e0 e1 l50 t0 }
  noise model: unit (2) 

Factor 565:   keys = { x0 x1 e0 e1 l50 t0 }
  noise model: unit (2) 

Factor 566:   keys = { x0 x1 e0 e1 l50 t0 }
  noise model: unit (2) 

Factor 567:   keys = { x0 x1 e0 e1 l50 t0 }
  noise model: unit (2) 

Factor 568:   keys = { x0 x1 e0 e1 l50 t0 }
  noise model: unit (2) 

Factor 569:   keys = { e0 e1 l51 t0 }
  noise model: unit (2) 

Factor 570:   keys = { x0 x1 e0 e1 l51 t0 }
  noise model: unit (2) 

Factor 571:   keys = { x0 x1 e0 e1 l51 t0 }
  noise model: unit (2) 

Factor 572:   keys = { x0 x1 e0 e1 l51 t0 }
  noise model: unit (2) 

Factor 573:   keys = { x0 x1 e0 e1 l51 t0 }
  noise model: unit (2) 

Factor 574:   keys = { x0 x1 e0 e1 l51 t0 }
  noise model: unit (2) 

Factor 575:   keys = { x0 x1 e0 e1 l51 t0 }
  noise model: unit (2) 

Factor 576:   keys = { x0 x1 e0 e1 l51 t0 }
  noise model: unit (2) 

Factor 577:   keys = { x0 x1 e0 e1 l51 t0 }
  noise model: unit (2) 

Factor 578:   keys = { x0 x1 e0 e1 l51 t0 }
  noise model: unit (2) 

Factor 579:   keys = { x0 x1 e0 e1 l51 t0 }
  noise model: unit (2) 

Factor 580:   keys = { x0 x1 e0 l52 t0 }
  noise model: unit (2) 

Factor 581:   keys = { x0 x2 e0 l52 t0 }
  noise model: unit (2) 

Factor 582:   keys = { x0 x3 e0 l52 t0 }
  noise model: unit (2) 

Factor 583:   keys = { x0 x4 e0 l52 t0 }
  noise model: unit (2) 

Factor 584:   keys = { x0 x5 e0 l52 t0 }
  noise model: unit (2) 

Factor 585:   keys = { x0 x6 e0 l52 t0 }
  noise model: unit (2) 

Factor 586:   keys = { x0 x7 e0 l52 t0 }
  noise model: unit (2) 

Factor 587:   keys = { x0 x8 e0 l52 t0 }
  noise model: unit (2) 

Factor 588:   keys = { x0 x9 e0 l52 t0 }
  noise model: unit (2) 

Factor 589:   keys = { x0 x10 e0 l52 t0 }
  noise model: unit (2) 

Factor 590:   keys = { e0 e1 l53 t0 }
  noise model: unit (2) 

Factor 591:   keys = { x0 x1 e0 e1 l53 t0 }
  noise model: unit (2) 

Factor 592:   keys = { x0 x1 e0 e1 l53 t0 }
  noise model: unit (2) 

Factor 593:   keys = { x0 x1 e0 e1 l53 t0 }
  noise model: unit (2) 

Factor 594:   keys = { x0 x1 e0 e1 l53 t0 }
  noise model: unit (2) 

Factor 595:   keys = { x0 x1 e0 e1 l53 t0 }
  noise model: unit (2) 

Factor 596:   keys = { x0 x1 e0 e1 l53 t0 }
  noise model: unit (2) 

Factor 597:   keys = { x0 x1 e0 e1 l53 t0 }
  noise model: unit (2) 

Factor 598:   keys = { x0 x1 e0 e1 l53 t0 }
  noise model: unit (2) 

Factor 599:   keys = { x0 x1 e0 e1 l53 t0 }
  noise model: unit (2) 

Factor 600:   keys = { x0 x1 e0 e1 l53 t0 }
  noise model: unit (2) 

Factor 601:   keys = { e0 e1 l54 t0 }
  noise model: unit (2) 

Factor 602:   keys = { x0 x1 e0 e1 l54 t0 }
  noise model: unit (2) 

Factor 603:   keys = { x0 x1 e0 e1 l54 t0 }
  noise model: unit (2) 

Factor 604:   keys = { x0 x1 e0 e1 l54 t0 }
  noise model: unit (2) 

Factor 605:   keys = { x0 x1 e0 e1 l54 t0 }
  noise model: unit (2) 

Factor 606:   keys = { x0 x1 e0 e1 l54 t0 }
  noise model: unit (2) 

Factor 607:   keys = { x0 x1 e0 e1 l54 t0 }
  noise model: unit (2) 

Factor 608:   keys = { x0 x1 e0 e1 l54 t0 }
  noise model: unit (2) 

Factor 609:   keys = { x0 x1 e0 e1 l54 t0 }
  noise model: unit (2) 

Factor 610:   keys = { x0 x1 e0 e1 l54 t0 }
  noise model: unit (2) 

Factor 611:   keys = { x0 x1 e0 e1 l54 t0 }
  noise model: unit (2) 

Factor 612:   keys = { e0 e1 l55 t0 }
  noise model: unit (2) 

Factor 613:   keys = { x0 x1 e0 e1 l55 t0 }
  noise model: unit (2) 

Factor 614:   keys = { x0 x1 e0 e1 l55 t0 }
  noise model: unit (2) 

Factor 615:   keys = { x0 x1 e0 e1 l55 t0 }
  noise model: unit (2) 

Factor 616:   keys = { x0 x1 e0 e1 l55 t0 }
  noise model: unit (2) 

Factor 617:   keys = { x0 x1 e0 e1 l55 t0 }
  noise model: unit (2) 

Factor 618:   keys = { x0 x1 e0 e1 l55 t0 }
  noise model: unit (2) 

Factor 619:   keys = { x0 x1 e0 e1 l55 t0 }
  noise model: unit (2) 

Factor 620:   keys = { x0 x1 e0 e1 l55 t0 }
  noise model: unit (2) 

Factor 621:   keys = { x0 x1 e0 e1 l55 t0 }
  noise model: unit (2) 

Factor 622:   keys = { x0 x1 e0 e1 l55 t0 }
  noise model: unit (2) 

Factor 623:   keys = { e0 e1 l56 t0 }
  noise model: unit (2) 

Factor 624:   keys = { x0 x1 e0 e1 l56 t0 }
  noise model: unit (2) 

Factor 625:   keys = { x0 x1 e0 e1 l56 t0 }
  noise model: unit (2) 

Factor 626:   keys = { x0 x1 e0 e1 l56 t0 }
  noise model: unit (2) 

Factor 627:   keys = { x0 x1 e0 e1 l56 t0 }
  noise model: unit (2) 

Factor 628:   keys = { x0 x1 e0 e1 l56 t0 }
  noise model: unit (2) 

Factor 629:   keys = { x0 x1 e0 e1 l56 t0 }
  noise model: unit (2) 

Factor 630:   keys = { x0 x1 e0 e1 l56 t0 }
  noise model: unit (2) 

Factor 631:   keys = { x0 x1 e0 e1 l56 t0 }
  noise model: unit (2) 

Factor 632:   keys = { x0 x1 e0 e1 l56 t0 }
  noise model: unit (2) 

Factor 633:   keys = { x0 x1 e0 e1 l56 t0 }
  noise model: unit (2) 

Factor 634:   keys = { x0 x1 e0 l57 t0 }
  noise model: unit (2) 

Factor 635:   keys = { x0 x2 e0 l57 t0 }
  noise model: unit (2) 

Factor 636:   keys = { x0 x3 e0 l57 t0 }
  noise model: unit (2) 

Factor 637:   keys = { x0 x4 e0 l57 t0 }
  noise model: unit (2) 

Factor 638:   keys = { x0 x5 e0 l57 t0 }
  noise model: unit (2) 

Factor 639:   keys = { x0 x6 e0 l57 t0 }
  noise model: unit (2) 

Factor 640:   keys = { x0 x7 e0 l57 t0 }
  noise model: unit (2) 

Factor 641:   keys = { x0 x8 e0 l57 t0 }
  noise model: unit (2) 

Factor 642:   keys = { x0 x9 e0 l57 t0 }
  noise model: unit (2) 

Factor 643:   keys = { x0 x10 e0 l57 t0 }
  noise model: unit (2) 

Factor 644:   keys = { e0 e1 l58 t0 }
  noise model: unit (2) 

Factor 645:   keys = { x0 x1 e0 e1 l58 t0 }
  noise model: unit (2) 

Factor 646:   keys = { x0 x1 e0 e1 l58 t0 }
  noise model: unit (2) 

Factor 647:   keys = { x0 x1 e0 e1 l58 t0 }
  noise model: unit (2) 

Factor 648:   keys = { x0 x1 e0 e1 l58 t0 }
  noise model: unit (2) 

Factor 649:   keys = { x0 x1 e0 e1 l58 t0 }
  noise model: unit (2) 

Factor 650:   keys = { x0 x1 e0 e1 l58 t0 }
  noise model: unit (2) 

Factor 651:   keys = { x0 x1 e0 e1 l58 t0 }
  noise model: unit (2) 

Factor 652:   keys = { x0 x1 e0 e1 l58 t0 }
  noise model: unit (2) 

Factor 653:   keys = { x0 x1 e0 e1 l58 t0 }
  noise model: unit (2) 

Factor 654:   keys = { x0 x1 e0 e1 l58 t0 }
  noise model: unit (2) 

Factor 655:   keys = { e0 e1 l59 t0 }
  noise model: unit (2) 

Factor 656:   keys = { x0 x1 e0 e1 l59 t0 }
  noise model: unit (2) 

Factor 657:   keys = { x0 x1 e0 e1 l59 t0 }
  noise model: unit (2) 

Factor 658:   keys = { x0 x1 e0 e1 l59 t0 }
  noise model: unit (2) 

Factor 659:   keys = { x0 x1 e0 e1 l59 t0 }
  noise model: unit (2) 

Factor 660:   keys = { x0 x1 e0 e1 l59 t0 }
  noise model: unit (2) 

Factor 661:   keys = { x0 x1 e0 e1 l59 t0 }
  noise model: unit (2) 

Factor 662:   keys = { x0 x1 e0 e1 l59 t0 }
  noise model: unit (2) 

Factor 663:   keys = { x0 x1 e0 e1 l59 t0 }
  noise model: unit (2) 

Factor 664:   keys = { e0 e1 l60 t0 }
  noise model: unit (2) 

Factor 665:   keys = { x0 x1 e0 e1 l60 t0 }
  noise model: unit (2) 

Factor 666:   keys = { x0 x1 e0 e1 l60 t0 }
  noise model: unit (2) 

Factor 667:   keys = { x0 x1 e0 e1 l60 t0 }
  noise model: unit (2) 

Factor 668:   keys = { x0 x1 e0 e1 l60 t0 }
  noise model: unit (2) 

Factor 669:   keys = { x0 x1 e0 e1 l60 t0 }
  noise model: unit (2) 

Factor 670:   keys = { x0 x1 e0 e1 l60 t0 }
  noise model: unit (2) 

Factor 671:   keys = { x0 x1 e0 e1 l60 t0 }
  noise model: unit (2) 

Factor 672:   keys = { x0 x1 e0 e1 l60 t0 }
  noise model: unit (2) 

Factor 673:   keys = { x0 x1 e0 e1 l60 t0 }
  noise model: unit (2) 

Factor 674:   keys = { x0 x1 e0 e1 l60 t0 }
  noise model: unit (2) 

Factor 675:   keys = { x0 x1 e0 l61 t0 }
  noise model: unit (2) 

Factor 676:   keys = { x0 x2 e0 l61 t0 }
  noise model: unit (2) 

Factor 677:   keys = { x0 x3 e0 l61 t0 }
  noise model: unit (2) 

Factor 678:   keys = { x0 x4 e0 l61 t0 }
  noise model: unit (2) 

Factor 679:   keys = { x0 x5 e0 l61 t0 }
  noise model: unit (2) 

Factor 680:   keys = { x0 x6 e0 l61 t0 }
  noise model: unit (2) 

Factor 681:   keys = { x0 x7 e0 l61 t0 }
  noise model: unit (2) 

Factor 682:   keys = { x0 x8 e0 l61 t0 }
  noise model: unit (2) 

Factor 683:   keys = { x0 x9 e0 l61 t0 }
  noise model: unit (2) 

Factor 684:   keys = { x0 x10 e0 l61 t0 }
  noise model: unit (2) 

Factor 685:   keys = { e0 e1 l62 t0 }
  noise model: unit (2) 

Factor 686:   keys = { x0 x1 e0 e1 l62 t0 }
  noise model: unit (2) 

Factor 687:   keys = { x0 x1 e0 e1 l62 t0 }
  noise model: unit (2) 

Factor 688:   keys = { x0 x1 e0 e1 l62 t0 }
  noise model: unit (2) 

Factor 689:   keys = { x0 x1 e0 e1 l62 t0 }
  noise model: unit (2) 

Factor 690:   keys = { x0 x1 e0 e1 l62 t0 }
  noise model: unit (2) 

Factor 691:   keys = { x0 x1 e0 e1 l62 t0 }
  noise model: unit (2) 

Factor 692:   keys = { x0 x1 e0 e1 l62 t0 }
  noise model: unit (2) 

Factor 693:   keys = { x0 x1 e0 e1 l62 t0 }
  noise model: unit (2) 

Factor 694:   keys = { x0 x1 e0 e1 l62 t0 }
  noise model: unit (2) 

Factor 695:   keys = { x0 x1 e0 e1 l62 t0 }
  noise model: unit (2) 

Factor 696:   keys = { e0 e1 l63 t0 }
  noise model: unit (2) 

Factor 697:   keys = { x0 x1 e0 e1 l63 t0 }
  noise model: unit (2) 

Factor 698:   keys = { x0 x1 e0 e1 l63 t0 }
  noise model: unit (2) 

Factor 699:   keys = { x0 x1 e0 e1 l63 t0 }
  noise model: unit (2) 

Factor 700:   keys = { x0 x1 e0 e1 l63 t0 }
  noise model: unit (2) 

Factor 701:   keys = { x0 x1 e0 e1 l63 t0 }
  noise model: unit (2) 

Factor 702:   keys = { x0 x1 e0 e1 l63 t0 }
  noise model: unit (2) 

Factor 703:   keys = { x0 x1 e0 e1 l63 t0 }
  noise model: unit (2) 

Factor 704:   keys = { x0 x1 e0 e1 l63 t0 }
  noise model: unit (2) 

Factor 705:   keys = { x0 x1 e0 e1 l63 t0 }
  noise model: unit (2) 

Factor 706:   keys = { x0 x1 e0 e1 l63 t0 }
  noise model: unit (2) 

Factor 707:   keys = { e0 e1 l64 t0 }
  noise model: unit (2) 

Factor 708:   keys = { x0 x1 e0 e1 l64 t0 }
  noise model: unit (2) 

Factor 709:   keys = { x0 x1 e0 e1 l64 t0 }
  noise model: unit (2) 

Factor 710:   keys = { x0 x1 e0 e1 l64 t0 }
  noise model: unit (2) 

Factor 711:   keys = { x0 x1 e0 e1 l64 t0 }
  noise model: unit (2) 

Factor 712:   keys = { x0 x1 e0 e1 l64 t0 }
  noise model: unit (2) 

Factor 713:   keys = { x0 x1 e0 e1 l64 t0 }
  noise model: unit (2) 

Factor 714:   keys = { x0 x1 e0 e1 l64 t0 }
  noise model: unit (2) 

Factor 715:   keys = { x0 x1 e0 e1 l64 t0 }
  noise model: unit (2) 

Factor 716:   keys = { x0 x1 e0 e1 l64 t0 }
  noise model: unit (2) 

Factor 717:   keys = { x0 x1 e0 e1 l64 t0 }
  noise model: unit (2) 

Factor 718:   keys = { e0 e1 l65 t0 }
  noise model: unit (2) 

Factor 719:   keys = { x0 x1 e0 e1 l65 t0 }
  noise model: unit (2) 

Factor 720:   keys = { x0 x1 e0 e1 l65 t0 }
  noise model: unit (2) 

Factor 721:   keys = { x0 x1 e0 e1 l65 t0 }
  noise model: unit (2) 

Factor 722:   keys = { x0 x1 e0 e1 l65 t0 }
  noise model: unit (2) 

Factor 723:   keys = { x0 x1 e0 e1 l65 t0 }
  noise model: unit (2) 

Factor 724:   keys = { x0 x1 e0 e1 l65 t0 }
  noise model: unit (2) 

Factor 725:   keys = { x0 x1 e0 e1 l65 t0 }
  noise model: unit (2) 

Factor 726:   keys = { x0 x1 e0 e1 l65 t0 }
  noise model: unit (2) 

Factor 727:   keys = { x0 x1 e0 e1 l65 t0 }
  noise model: unit (2) 

Factor 728:   keys = { x0 x1 e0 e1 l65 t0 }
  noise model: unit (2) 

Factor 729:   keys = { e0 e1 l66 t0 }
  noise model: unit (2) 

Factor 730:   keys = { x0 x1 e0 e1 l66 t0 }
  noise model: unit (2) 

Factor 731:   keys = { x0 x1 e0 e1 l66 t0 }
  noise model: unit (2) 

Factor 732:   keys = { x0 x1 e0 e1 l66 t0 }
  noise model: unit (2) 

Factor 733:   keys = { x0 x1 e0 e1 l66 t0 }
  noise model: unit (2) 

Factor 734:   keys = { x0 x1 e0 e1 l66 t0 }
  noise model: unit (2) 

Factor 735:   keys = { x0 x1 e0 e1 l66 t0 }
  noise model: unit (2) 

Factor 736:   keys = { x0 x1 e0 e1 l66 t0 }
  noise model: unit (2) 

Factor 737:   keys = { x0 x1 e0 e1 l66 t0 }
  noise model: unit (2) 

Factor 738:   keys = { x0 x1 e0 e1 l66 t0 }
  noise model: unit (2) 

Factor 739:   keys = { x0 x1 e0 e1 l66 t0 }
  noise model: unit (2) 

Factor 740:   keys = { e0 e1 l67 t0 }
  noise model: unit (2) 

Factor 741:   keys = { x0 x1 e0 e1 l67 t0 }
  noise model: unit (2) 

Factor 742:   keys = { x0 x1 e0 e1 l67 t0 }
  noise model: unit (2) 

Factor 743:   keys = { x0 x1 e0 e1 l67 t0 }
  noise model: unit (2) 

Factor 744:   keys = { x0 x1 e0 e1 l67 t0 }
  noise model: unit (2) 

Factor 745:   keys = { x0 x1 e0 e1 l67 t0 }
  noise model: unit (2) 

Factor 746:   keys = { x0 x1 e0 e1 l67 t0 }
  noise model: unit (2) 

Factor 747:   keys = { x0 x1 e0 e1 l67 t0 }
  noise model: unit (2) 

Factor 748:   keys = { x0 x1 e0 e1 l67 t0 }
  noise model: unit (2) 

Factor 749:   keys = { x0 x1 e0 e1 l67 t0 }
  noise model: unit (2) 

Factor 750:   keys = { x0 x1 e0 e1 l67 t0 }
  noise model: unit (2) 

Factor 751:   keys = { e0 e1 l68 t0 }
  noise model: unit (2) 

Factor 752:   keys = { x0 x1 e0 e1 l68 t0 }
  noise model: unit (2) 

Factor 753:   keys = { x0 x1 e0 e1 l68 t0 }
  noise model: unit (2) 

Factor 754:   keys = { x0 x1 e0 e1 l68 t0 }
  noise model: unit (2) 

Factor 755:   keys = { x0 x1 e0 e1 l68 t0 }
  noise model: unit (2) 

Factor 756:   keys = { x0 x1 e0 e1 l68 t0 }
  noise model: unit (2) 

Factor 757:   keys = { x0 x1 e0 e1 l68 t0 }
  noise model: unit (2) 

Factor 758:   keys = { x0 x1 e0 e1 l68 t0 }
  noise model: unit (2) 

Factor 759:   keys = { x0 x1 e0 e1 l68 t0 }
  noise model: unit (2) 

Factor 760:   keys = { x0 x1 e0 e1 l68 t0 }
  noise model: unit (2) 

Factor 761:   keys = { x0 x1 e0 e1 l68 t0 }
  noise model: unit (2) 

Factor 762:   keys = { e0 e1 l69 t0 }
  noise model: unit (2) 

Factor 763:   keys = { x0 x1 e0 e1 l69 t0 }
  noise model: unit (2) 

Factor 764:   keys = { x0 x1 e0 e1 l69 t0 }
  noise model: unit (2) 

Factor 765:   keys = { x0 x1 e0 e1 l69 t0 }
  noise model: unit (2) 

Factor 766:   keys = { x0 x1 e0 e1 l69 t0 }
  noise model: unit (2) 

Factor 767:   keys = { x0 x1 e0 e1 l69 t0 }
  noise model: unit (2) 

Factor 768:   keys = { x0 x1 e0 e1 l69 t0 }
  noise model: unit (2) 

Factor 769:   keys = { x0 x1 e0 e1 l69 t0 }
  noise model: unit (2) 

Factor 770:   keys = { x0 x1 e0 e1 l69 t0 }
  noise model: unit (2) 

Factor 771:   keys = { x0 x1 e0 e1 l69 t0 }
  noise model: unit (2) 

Factor 772:   keys = { x0 x1 e0 e1 l69 t0 }
  noise model: unit (2) 

Factor 773:   keys = { e0 e1 l70 t0 }
  noise model: unit (2) 

Factor 774:   keys = { x0 x1 e0 e1 l70 t0 }
  noise model: unit (2) 

Factor 775:   keys = { x0 x1 e0 e1 l70 t0 }
  noise model: unit (2) 

Factor 776:   keys = { x0 x1 e0 e1 l70 t0 }
  noise model: unit (2) 

Factor 777:   keys = { x0 x1 e0 e1 l70 t0 }
  noise model: unit (2) 

Factor 778:   keys = { x0 x1 e0 e1 l70 t0 }
  noise model: unit (2) 

Factor 779:   keys = { x0 x1 e0 e1 l70 t0 }
  noise model: unit (2) 

Factor 780:   keys = { x0 x1 e0 e1 l70 t0 }
  noise model: unit (2) 

Factor 781:   keys = { x0 x1 e0 e1 l70 t0 }
  noise model: unit (2) 

Factor 782:   keys = { x0 x1 e0 e1 l70 t0 }
  noise model: unit (2) 

Factor 783:   keys = { x0 x1 e0 e1 l70 t0 }
  noise model: unit (2) 

Factor 784:   keys = { e0 e1 l71 t0 }
  noise model: unit (2) 

Factor 785:   keys = { x0 x1 e0 e1 l71 t0 }
  noise model: unit (2) 

Factor 786:   keys = { x0 x1 e0 e1 l71 t0 }
  noise model: unit (2) 

Factor 787:   keys = { x0 x1 e0 e1 l71 t0 }
  noise model: unit (2) 

Factor 788:   keys = { x0 x1 e0 e1 l71 t0 }
  noise model: unit (2) 

Factor 789:   keys = { x0 x1 e0 e1 l71 t0 }
  noise model: unit (2) 

Factor 790:   keys = { x0 x1 e0 e1 l71 t0 }
  noise model: unit (2) 

Factor 791:   keys = { x0 x1 e0 e1 l71 t0 }
  noise model: unit (2) 

Factor 792:   keys = { x0 x1 e0 e1 l71 t0 }
  noise model: unit (2) 

Factor 793:   keys = { x0 x1 e0 e1 l71 t0 }
  noise model: unit (2) 

Factor 794:   keys = { x0 x1 e0 e1 l71 t0 }
  noise model: unit (2) 

Factor 795:   keys = { e0 e1 l72 t0 }
  noise model: unit (2) 

Factor 796:   keys = { x0 x1 e0 e1 l72 t0 }
  noise model: unit (2) 

Factor 797:   keys = { x0 x1 e0 e1 l72 t0 }
  noise model: unit (2) 

Factor 798:   keys = { x0 x1 e0 e1 l72 t0 }
  noise model: unit (2) 

Factor 799:   keys = { x0 x1 e0 e1 l72 t0 }
  noise model: unit (2) 

Factor 800:   keys = { x0 x1 e0 e1 l72 t0 }
  noise model: unit (2) 

Factor 801:   keys = { x0 x1 e0 e1 l72 t0 }
  noise model: unit (2) 

Factor 802:   keys = { x0 x1 e0 e1 l72 t0 }
  noise model: unit (2) 

Factor 803:   keys = { x0 x1 e0 e1 l72 t0 }
  noise model: unit (2) 

Factor 804:   keys = { x0 x1 e0 e1 l72 t0 }
  noise model: unit (2) 

Factor 805:   keys = { x0 x1 e0 e1 l72 t0 }
  noise model: unit (2) 

Factor 806:   keys = { x0 x1 e0 l73 t0 }
  noise model: unit (2) 

Factor 807:   keys = { x0 x2 e0 l73 t0 }
  noise model: unit (2) 

Factor 808:   keys = { x0 x3 e0 l73 t0 }
  noise model: unit (2) 

Factor 809:   keys = { x0 x4 e0 l73 t0 }
  noise model: unit (2) 

Factor 810:   keys = { x0 x5 e0 l73 t0 }
  noise model: unit (2) 

Factor 811:   keys = { x0 x6 e0 l73 t0 }
  noise model: unit (2) 

Factor 812:   keys = { x0 x7 e0 l73 t0 }
  noise model: unit (2) 

Factor 813:   keys = { x0 x8 e0 l73 t0 }
  noise model: unit (2) 

Factor 814:   keys = { x0 x9 e0 l73 t0 }
  noise model: unit (2) 

Factor 815:   keys = { x0 x10 e0 l73 t0 }
  noise model: unit (2) 

Factor 816:   keys = { e0 e1 l74 t0 }
  noise model: unit (2) 

Factor 817:   keys = { x0 x1 e0 e1 l74 t0 }
  noise model: unit (2) 

Factor 818:   keys = { x0 x1 e0 e1 l74 t0 }
  noise model: unit (2) 

Factor 819:   keys = { x0 x1 e0 e1 l74 t0 }
  noise model: unit (2) 

Factor 820:   keys = { x0 x1 e0 e1 l74 t0 }
  noise model: unit (2) 

Factor 821:   keys = { x0 x1 e0 e1 l74 t0 }
  noise model: unit (2) 

Factor 822:   keys = { x0 x1 e0 e1 l74 t0 }
  noise model: unit (2) 

Factor 823:   keys = { x0 x1 e0 e1 l74 t0 }
  noise model: unit (2) 

Factor 824:   keys = { x0 x1 e0 e1 l74 t0 }
  noise model: unit (2) 

Factor 825:   keys = { x0 x1 e0 e1 l74 t0 }
  noise model: unit (2) 

Factor 826:   keys = { x0 x1 e0 e1 l74 t0 }
  noise model: unit (2) 

Factor 827:   keys = { e0 e1 l75 t0 }
  noise model: unit (2) 

Factor 828:   keys = { x0 x1 e0 e1 l75 t0 }
  noise model: unit (2) 

Factor 829:   keys = { x0 x1 e0 e1 l75 t0 }
  noise model: unit (2) 

Factor 830:   keys = { x0 x1 e0 e1 l75 t0 }
  noise model: unit (2) 

Factor 831:   keys = { x0 x1 e0 e1 l75 t0 }
  noise model: unit (2) 

Factor 832:   keys = { x0 x1 e0 e1 l75 t0 }
  noise model: unit (2) 

Factor 833:   keys = { x0 x1 e0 e1 l75 t0 }
  noise model: unit (2) 

Factor 834:   keys = { x0 x1 e0 e1 l75 t0 }
  noise model: unit (2) 

Factor 835:   keys = { x0 x1 e0 e1 l75 t0 }
  noise model: unit (2) 

Factor 836:   keys = { x0 x1 e0 e1 l75 t0 }
  noise model: unit (2) 

Factor 837:   keys = { x0 x1 e0 e1 l75 t0 }
  noise model: unit (2) 

Factor 838:   keys = { e0 e1 l76 t0 }
  noise model: unit (2) 

Factor 839:   keys = { x0 x1 e0 e1 l76 t0 }
  noise model: unit (2) 

Factor 840:   keys = { x0 x1 e0 e1 l76 t0 }
  noise model: unit (2) 

Factor 841:   keys = { x0 x1 e0 e1 l76 t0 }
  noise model: unit (2) 

Factor 842:   keys = { x0 x1 e0 e1 l76 t0 }
  noise model: unit (2) 

Factor 843:   keys = { x0 x1 e0 e1 l76 t0 }
  noise model: unit (2) 

Factor 844:   keys = { x0 x1 e0 e1 l76 t0 }
  noise model: unit (2) 

Factor 845:   keys = { x0 x1 e0 e1 l76 t0 }
  noise model: unit (2) 

Factor 846:   keys = { x0 x1 e0 e1 l76 t0 }
  noise model: unit (2) 

Factor 847:   keys = { x0 x1 e0 e1 l76 t0 }
  noise model: unit (2) 

Factor 848:   keys = { x0 x1 e0 e1 l76 t0 }
  noise model: unit (2) 

Factor 849:   keys = { x0 x1 e0 l77 t0 }
  noise model: unit (2) 

Factor 850:   keys = { x0 x2 e0 l77 t0 }
  noise model: unit (2) 

Factor 851:   keys = { x0 x3 e0 l77 t0 }
  noise model: unit (2) 

Factor 852:   keys = { x0 x4 e0 l77 t0 }
  noise model: unit (2) 

Factor 853:   keys = { x0 x5 e0 l77 t0 }
  noise model: unit (2) 

Factor 854:   keys = { x0 x6 e0 l77 t0 }
  noise model: unit (2) 

Factor 855:   keys = { x0 x7 e0 l77 t0 }
  noise model: unit (2) 

Factor 856:   keys = { x0 x8 e0 l77 t0 }
  noise model: unit (2) 

Factor 857:   keys = { x0 x9 e0 l77 t0 }
  noise model: unit (2) 

Factor 858:   keys = { x0 x10 e0 l77 t0 }
  noise model: unit (2) 

Factor 859:   keys = { e0 e1 l78 t0 }
  noise model: unit (2) 

Factor 860:   keys = { x0 x1 e0 e1 l78 t0 }
  noise model: unit (2) 

Factor 861:   keys = { x0 x1 e0 e1 l78 t0 }
  noise model: unit (2) 

Factor 862:   keys = { x0 x1 e0 e1 l78 t0 }
  noise model: unit (2) 

Factor 863:   keys = { x0 x1 e0 e1 l78 t0 }
  noise model: unit (2) 

Factor 864:   keys = { x0 x1 e0 e1 l78 t0 }
  noise model: unit (2) 

Factor 865:   keys = { x0 x1 e0 e1 l78 t0 }
  noise model: unit (2) 

Factor 866:   keys = { x0 x1 e0 e1 l78 t0 }
  noise model: unit (2) 

Factor 867:   keys = { x0 x1 e0 e1 l78 t0 }
  noise model: unit (2) 

Factor 868:   keys = { x0 x1 e0 e1 l78 t0 }
  noise model: unit (2) 

Factor 869:   keys = { x0 x1 e0 e1 l78 t0 }
  noise model: unit (2) 

Factor 870:   keys = { x0 x1 e0 l79 t0 }
  noise model: unit (2) 

Factor 871:   keys = { x0 x2 e0 l79 t0 }
  noise model: unit (2) 

Factor 872:   keys = { x0 x3 e0 l79 t0 }
  noise model: unit (2) 

Factor 873:   keys = { x0 x4 e0 l79 t0 }
  noise model: unit (2) 

Factor 874:   keys = { x0 x5 e0 l79 t0 }
  noise model: unit (2) 

Factor 875:   keys = { e0 e1 l80 t0 }
  noise model: unit (2) 

Factor 876:   keys = { x0 x1 e0 e1 l80 t0 }
  noise model: unit (2) 

Factor 877:   keys = { x0 x1 e0 e1 l80 t0 }
  noise model: unit (2) 

Factor 878:   keys = { x0 x1 e0 e1 l80 t0 }
  noise model: unit (2) 

Factor 879:   keys = { x0 x1 e0 e1 l80 t0 }
  noise model: unit (2) 

Factor 880:   keys = { x0 x1 e0 e1 l80 t0 }
  noise model: unit (2) 

Factor 881:   keys = { x0 x1 e0 e1 l80 t0 }
  noise model: unit (2) 

Factor 882:   keys = { x0 x1 e0 e1 l80 t0 }
  noise model: unit (2) 

Factor 883:   keys = { x0 x1 e0 e1 l80 t0 }
  noise model: unit (2) 

Factor 884:   keys = { x0 x1 e0 e1 l80 t0 }
  noise model: unit (2) 

Factor 885:   keys = { x0 x1 e0 e1 l80 t0 }
  noise model: unit (2) 

Factor 886:   keys = { e0 e1 l81 t0 }
  noise model: unit (2) 

Factor 887:   keys = { x0 x1 e0 e1 l81 t0 }
  noise model: unit (2) 

Factor 888:   keys = { x0 x1 e0 e1 l81 t0 }
  noise model: unit (2) 

Factor 889:   keys = { x0 x1 e0 e1 l81 t0 }
  noise model: unit (2) 

Factor 890:   keys = { x0 x1 e0 e1 l81 t0 }
  noise model: unit (2) 

Factor 891:   keys = { x0 x1 e0 e1 l81 t0 }
  noise model: unit (2) 

Factor 892:   keys = { x0 x1 e0 e1 l81 t0 }
  noise model: unit (2) 

Factor 893:   keys = { x0 x1 e0 e1 l81 t0 }
  noise model: unit (2) 

Factor 894:   keys = { x0 x1 e0 e1 l81 t0 }
  noise model: unit (2) 

Factor 895:   keys = { x0 x1 e0 e1 l81 t0 }
  noise model: unit (2) 

Factor 896:   keys = { x0 x1 e0 e1 l81 t0 }
  noise model: unit (2) 

Factor 897:   keys = { e0 e1 l82 t0 }
  noise model: unit (2) 

Factor 898:   keys = { x0 x1 e0 e1 l82 t0 }
  noise model: unit (2) 

Factor 899:   keys = { x0 x1 e0 e1 l82 t0 }
  noise model: unit (2) 

Factor 900:   keys = { x0 x1 e0 e1 l82 t0 }
  noise model: unit (2) 

Factor 901:   keys = { x0 x1 e0 e1 l82 t0 }
  noise model: unit (2) 

Factor 902:   keys = { x0 x1 e0 e1 l82 t0 }
  noise model: unit (2) 

Factor 903:   keys = { x0 x1 e0 e1 l82 t0 }
  noise model: unit (2) 

Factor 904:   keys = { x0 x1 e0 e1 l82 t0 }
  noise model: unit (2) 

Factor 905:   keys = { x0 x1 e0 e1 l82 t0 }
  noise model: unit (2) 

Factor 906:   keys = { x0 x1 e0 e1 l82 t0 }
  noise model: unit (2) 

Factor 907:   keys = { x0 x1 e0 e1 l82 t0 }
  noise model: unit (2) 

Factor 908:   keys = { e0 e1 l83 t0 }
  noise model: unit (2) 

Factor 909:   keys = { x0 x1 e0 e1 l83 t0 }
  noise model: unit (2) 

Factor 910:   keys = { x0 x1 e0 e1 l83 t0 }
  noise model: unit (2) 

Factor 911:   keys = { x0 x1 e0 e1 l83 t0 }
  noise model: unit (2) 

Factor 912:   keys = { x0 x1 e0 e1 l83 t0 }
  noise model: unit (2) 

Factor 913:   keys = { x0 x1 e0 e1 l83 t0 }
  noise model: unit (2) 

Factor 914:   keys = { x0 x1 e0 e1 l83 t0 }
  noise model: unit (2) 

Factor 915:   keys = { x0 x1 e0 e1 l83 t0 }
  noise model: unit (2) 

Factor 916:   keys = { x0 x1 e0 e1 l83 t0 }
  noise model: unit (2) 

Factor 917:   keys = { x0 x1 e0 e1 l83 t0 }
  noise model: unit (2) 

Factor 918:   keys = { x0 x1 e0 e1 l83 t0 }
  noise model: unit (2) 

Factor 919:   keys = { x0 x1 e0 l84 t0 }
  noise model: unit (2) 

Factor 920:   keys = { x0 x2 e0 l84 t0 }
  noise model: unit (2) 

Factor 921:   keys = { x0 x3 e0 l84 t0 }
  noise model: unit (2) 

Factor 922:   keys = { x0 x4 e0 l84 t0 }
  noise model: unit (2) 

Factor 923:   keys = { x0 x5 e0 l84 t0 }
  noise model: unit (2) 

Factor 924:   keys = { x0 x6 e0 l84 t0 }
  noise model: unit (2) 

Factor 925:   keys = { x0 x7 e0 l84 t0 }
  noise model: unit (2) 

Factor 926:   keys = { x0 x8 e0 l84 t0 }
  noise model: unit (2) 

Factor 927:   keys = { x0 x9 e0 l84 t0 }
  noise model: unit (2) 

Factor 928:   keys = { x0 x10 e0 l84 t0 }
  noise model: unit (2) 

Factor 929:   keys = { e0 e1 l85 t0 }
  noise model: unit (2) 

Factor 930:   keys = { x0 x1 e0 e1 l85 t0 }
  noise model: unit (2) 

Factor 931:   keys = { x0 x1 e0 e1 l85 t0 }
  noise model: unit (2) 

Factor 932:   keys = { x0 x1 e0 e1 l85 t0 }
  noise model: unit (2) 

Factor 933:   keys = { x0 x1 e0 e1 l85 t0 }
  noise model: unit (2) 

Factor 934:   keys = { x0 x1 e0 e1 l85 t0 }
  noise model: unit (2) 

Factor 935:   keys = { x0 x1 e0 e1 l85 t0 }
  noise model: unit (2) 

Factor 936:   keys = { x0 x1 e0 e1 l85 t0 }
  noise model: unit (2) 

Factor 937:   keys = { x0 x1 e0 e1 l85 t0 }
  noise model: unit (2) 

Factor 938:   keys = { x0 x1 e0 e1 l85 t0 }
  noise model: unit (2) 

Factor 939:   keys = { x0 x1 e0 e1 l85 t0 }
  noise model: unit (2) 

Factor 940:   keys = { e0 e1 l86 t0 }
  noise model: unit (2) 

Factor 941:   keys = { x0 x1 e0 l86 t0 }
  noise model: unit (2) 

Factor 942:   keys = { x0 x2 e0 l86 t0 }
  noise model: unit (2) 

Factor 943:   keys = { x0 x1 e0 e1 l86 t0 }
  noise model: unit (2) 

Factor 944:   keys = { x0 x4 e0 l86 t0 }
  noise model: unit (2) 

Factor 945:   keys = { x0 x1 e0 e1 l86 t0 }
  noise model: unit (2) 

Factor 946:   keys = { x0 x1 e0 e1 l86 t0 }
  noise model: unit (2) 

Factor 947:   keys = { x0 x1 e0 e1 l86 t0 }
  noise model: unit (2) 

Factor 948:   keys = { x0 x1 e0 e1 l86 t0 }
  noise model: unit (2) 

Factor 949:   keys = { x0 x1 e0 e1 l86 t0 }
  noise model: unit (2) 

Factor 950:   keys = { x0 x10 e0 l86 t0 }
  noise model: unit (2) 

Factor 951:   keys = { e0 e1 l87 t0 }
  noise model: unit (2) 

Factor 952:   keys = { x0 x1 e0 e1 l87 t0 }
  noise model: unit (2) 

Factor 953:   keys = { x0 x1 e0 e1 l87 t0 }
  noise model: unit (2) 

Factor 954:   keys = { x0 x1 e0 e1 l87 t0 }
  noise model: unit (2) 

Factor 955:   keys = { x0 x1 e0 e1 l87 t0 }
  noise model: unit (2) 

Factor 956:   keys = { x0 x1 e0 e1 l87 t0 }
  noise model: unit (2) 

Factor 957:   keys = { x0 x1 e0 e1 l87 t0 }
  noise model: unit (2) 

Factor 958:   keys = { x0 x1 e0 e1 l87 t0 }
  noise model: unit (2) 

Factor 959:   keys = { x0 x1 e0 e1 l87 t0 }
  noise model: unit (2) 

Factor 960:   keys = { x0 x1 e0 e1 l87 t0 }
  noise model: unit (2) 

Factor 961:   keys = { x0 x1 e0 e1 l87 t0 }
  noise model: unit (2) 

Factor 962:   keys = { x0 x1 e0 l88 t0 }
  noise model: unit (2) 

Factor 963:   keys = { x0 x2 e0 l88 t0 }
  noise model: unit (2) 

Factor 964:   keys = { x0 x3 e0 l88 t0 }
  noise model: unit (2) 

Factor 965:   keys = { x0 x4 e0 l88 t0 }
  noise model: unit (2) 

Factor 966:   keys = { x0 x5 e0 l88 t0 }
  noise model: unit (2) 

Factor 967:   keys = { x0 x6 e0 l88 t0 }
  noise model: unit (2) 

Factor 968:   keys = { x0 x7 e0 l88 t0 }
  noise model: unit (2) 

Factor 969:   keys = { x0 x8 e0 l88 t0 }
  noise model: unit (2) 

Factor 970:   keys = { x0 x9 e0 l88 t0 }
  noise model: unit (2) 

Factor 971:   keys = { x0 x10 e0 l88 t0 }
  noise model: unit (2) 

Factor 972:   keys = { e0 e1 l89 t0 }
  noise model: unit (2) 

Factor 973:   keys = { x0 x1 e0 e1 l89 t0 }
  noise model: unit (2) 

Factor 974:   keys = { x0 x1 e0 e1 l89 t0 }
  noise model: unit (2) 

Factor 975:   keys = { x0 x1 e0 e1 l89 t0 }
  noise model: unit (2) 

Factor 976:   keys = { x0 x4 e0 l89 t0 }
  noise model: unit (2) 

Factor 977:   keys = { x0 x5 e0 l89 t0 }
  noise model: unit (2) 

Factor 978:   keys = { x0 x1 e0 e1 l89 t0 }
  noise model: unit (2) 

Factor 979:   keys = { x0 x7 e0 l89 t0 }
  noise model: unit (2) 

Factor 980:   keys = { x0 x1 e0 l92 t0 }
  noise model: unit (2) 

Factor 981:   keys = { x0 x2 e0 l92 t0 }
  noise model: unit (2) 

Factor 982:   keys = { x0 x3 e0 l92 t0 }
  noise model: unit (2) 

Factor 983:   keys = { x0 x4 e0 l92 t0 }
  noise model: unit (2) 

Factor 984:   keys = { x0 x5 e0 l92 t0 }
  noise model: unit (2) 

Factor 985:   keys = { x0 x6 e0 l92 t0 }
  noise model: unit (2) 

Factor 986:   keys = { e0 e1 l93 t0 }
  noise model: unit (2) 

Factor 987:   keys = { x0 x1 e0 e1 l93 t0 }
  noise model: unit (2) 

Factor 988:   keys = { x0 x1 e0 e1 l93 t0 }
  noise model: unit (2) 

Factor 989:   keys = { x0 x1 e0 e1 l93 t0 }
  noise model: unit (2) 

Factor 990:   keys = { x0 x1 e0 e1 l93 t0 }
  noise model: unit (2) 

Factor 991:   keys = { x0 x1 e0 e1 l93 t0 }
  noise model: unit (2) 

Factor 992:   keys = { x0 x1 e0 e1 l93 t0 }
  noise model: unit (2) 

Factor 993:   keys = { x0 x1 e0 e1 l93 t0 }
  noise model: unit (2) 

Factor 994:   keys = { x0 x1 e0 e1 l93 t0 }
  noise model: unit (2) 

Factor 995:   keys = { x0 x1 e0 e1 l93 t0 }
  noise model: unit (2) 

Factor 996:   keys = { x0 x1 e0 e1 l93 t0 }
  noise model: unit (2) 

Factor 997:   keys = { e0 e1 l95 t0 }
  noise model: unit (2) 

Factor 998:   keys = { x0 x1 e0 e1 l95 t0 }
  noise model: unit (2) 

Factor 999:   keys = { x0 x1 e0 e1 l95 t0 }
  noise model: unit (2) 

Factor 1000:   keys = { x0 x1 e0 e1 l95 t0 }
  noise model: unit (2) 

Factor 1001:   keys = { x0 x1 e0 e1 l95 t0 }
  noise model: unit (2) 

Factor 1002:   keys = { x0 x1 e0 e1 l95 t0 }
  noise model: unit (2) 

Factor 1003:   keys = { x0 x1 e0 e1 l95 t0 }
  noise model: unit (2) 

Factor 1004:   keys = { x0 x1 e0 e1 l95 t0 }
  noise model: unit (2) 

Factor 1005:   keys = { x0 x1 e0 e1 l95 t0 }
  noise model: unit (2) 

Factor 1006:   keys = { x0 x1 e0 e1 l95 t0 }
  noise model: unit (2) 

Factor 1007:   keys = { x0 x1 e0 e1 l95 t0 }
  noise model: unit (2) 

Factor 1008:   keys = { e0 e1 l98 t0 }
  noise model: unit (2) 

Factor 1009:   keys = { x0 x1 e0 e1 l98 t0 }
  noise model: unit (2) 

Factor 1010:   keys = { x0 x2 e0 l98 t0 }
  noise model: unit (2) 

Factor 1011:   keys = { x0 x1 e0 e1 l98 t0 }
  noise model: unit (2) 

Factor 1012:   keys = { x0 x1 e0 e1 l98 t0 }
  noise model: unit (2) 

Factor 1013:   keys = { x0 x1 e0 e1 l98 t0 }
  noise model: unit (2) 

Factor 1014:   keys = { x0 x1 e0 e1 l98 t0 }
  noise model: unit (2) 

Factor 1015:   keys = { x0 x1 e0 e1 l98 t0 }
  noise model: unit (2) 

Factor 1016:   keys = { x0 x1 e0 e1 l98 t0 }
  noise model: unit (2) 

Factor 1017:   keys = { e0 e1 l99 t0 }
  noise model: unit (2) 

Factor 1018:   keys = { x0 x1 e0 e1 l99 t0 }
  noise model: unit (2) 

Factor 1019:   keys = { x0 x1 e0 e1 l99 t0 }
  noise model: unit (2) 

Factor 1020:   keys = { x0 x1 e0 e1 l99 t0 }
  noise model: unit (2) 

Factor 1021:   keys = { x0 x1 e0 e1 l99 t0 }
  noise model: unit (2) 

Factor 1022:   keys = { x0 x1 e0 e1 l99 t0 }
  noise model: unit (2) 

Factor 1023:   keys = { x0 x1 e0 e1 l99 t0 }
  noise model: unit (2) 

Factor 1024:   keys = { x0 x1 e0 e1 l99 t0 }
  noise model: unit (2) 

Factor 1025:   keys = { x0 x1 e0 e1 l99 t0 }
  noise model: unit (2) 

Factor 1026:   keys = { x0 x1 e0 e1 l99 t0 }
  noise model: unit (2) 

Factor 1027:   keys = { x0 x1 e0 e1 l99 t0 }
  noise model: unit (2) 

Factor 1028:   keys = { e0 e1 l100 t0 }
  noise model: unit (2) 

Factor 1029:   keys = { x0 x1 e0 l100 t0 }
  noise model: unit (2) 

Factor 1030:   keys = { x0 x2 e0 l100 t0 }
  noise model: unit (2) 

Factor 1031:   keys = { x0 x3 e0 l100 t0 }
  noise model: unit (2) 

Factor 1032:   keys = { x0 x1 e0 e1 l100 t0 }
  noise model: unit (2) 

Factor 1033:   keys = { e0 e1 l101 t0 }
  noise model: unit (2) 

Factor 1034:   keys = { x0 x1 e0 e1 l101 t0 }
  noise model: unit (2) 

Factor 1035:   keys = { x0 x2 e0 l101 t0 }
  noise model: unit (2) 

Factor 1036:   keys = { x0 x1 e0 e1 l101 t0 }
  noise model: unit (2) 

Factor 1037:   keys = { x0 x1 e0 e1 l101 t0 }
  noise model: unit (2) 

Factor 1038:   keys = { x0 x1 e0 e1 l101 t0 }
  noise model: unit (2) 

Factor 1039:   keys = { x0 x1 e0 e1 l101 t0 }
  noise model: unit (2) 

Factor 1040:   keys = { x0 x1 e0 e1 l101 t0 }
  noise model: unit (2) 

Factor 1041:   keys = { x0 x1 e0 e1 l101 t0 }
  noise model: unit (2) 

Factor 1042:   keys = { x0 x9 e0 l101 t0 }
  noise model: unit (2) 

Factor 1043:   keys = { e0 e1 l102 t0 }
  noise model: unit (2) 

Factor 1044:   keys = { x0 x1 e0 e1 l102 t0 }
  noise model: unit (2) 

Factor 1045:   keys = { x0 x1 e0 e1 l102 t0 }
  noise model: unit (2) 

Factor 1046:   keys = { x0 x1 e0 e1 l102 t0 }
  noise model: unit (2) 

Factor 1047:   keys = { x0 x1 e0 e1 l102 t0 }
  noise model: unit (2) 

Factor 1048:   keys = { x0 x1 e0 e1 l102 t0 }
  noise model: unit (2) 

Factor 1049:   keys = { x0 x1 e0 e1 l102 t0 }
  noise model: unit (2) 

Factor 1050:   keys = { x0 x7 e0 l102 t0 }
  noise model: unit (2) 

Factor 1051:   keys = { x0 x1 e0 e1 l102 t0 }
  noise model: unit (2) 

Factor 1052:   keys = { x0 x9 e0 l102 t0 }
  noise model: unit (2) 

Factor 1053:   keys = { x0 x10 e0 l102 t0 }
  noise model: unit (2) 

Factor 1054:   keys = { e0 e1 l103 t0 }
  noise model: unit (2) 

Factor 1055:   keys = { x0 x1 e0 e1 l103 t0 }
  noise model: unit (2) 

Factor 1056:   keys = { x0 x1 e0 e1 l103 t0 }
  noise model: unit (2) 

Factor 1057:   keys = { x0 x1 e0 e1 l103 t0 }
  noise model: unit (2) 

Factor 1058:   keys = { x0 x1 e0 e1 l103 t0 }
  noise model: unit (2) 

Factor 1059:   keys = { x0 x1 e0 e1 l103 t0 }
  noise model: unit (2) 

Factor 1060:   keys = { x0 x1 e0 e1 l103 t0 }
  noise model: unit (2) 

Factor 1061:   keys = { x0 x1 e0 e1 l103 t0 }
  noise model: unit (2) 

Factor 1062:   keys = { x0 x1 e0 e1 l103 t0 }
  noise model: unit (2) 

Factor 1063:   keys = { x0 x1 e0 e1 l103 t0 }
  noise model: unit (2) 

Factor 1064:   keys = { x0 x1 e0 e1 l103 t0 }
  noise model: unit (2) 

Factor 1065:   keys = { x0 x1 e0 l108 t0 }
  noise model: unit (2) 

Factor 1066:   keys = { x0 x2 e0 l108 t0 }
  noise model: unit (2) 

Factor 1067:   keys = { x0 x3 e0 l108 t0 }
  noise model: unit (2) 

Factor 1068:   keys = { x0 x4 e0 l108 t0 }
  noise model: unit (2) 

Factor 1069:   keys = { x0 x5 e0 l108 t0 }
  noise model: unit (2) 

Factor 1070:   keys = { x0 x6 e0 l108 t0 }
  noise model: unit (2) 

Factor 1071:   keys = { x0 x7 e0 l108 t0 }
  noise model: unit (2) 

Factor 1072:   keys = { x0 x8 e0 l108 t0 }
  noise model: unit (2) 

Factor 1073:   keys = { x0 x9 e0 l108 t0 }
  noise model: unit (2) 

Factor 1074:   keys = { x0 x1 e0 l116 t0 }
  noise model: unit (2) 

Factor 1075:   keys = { x0 x2 e0 l116 t0 }
  noise model: unit (2) 

Factor 1076:   keys = { x0 x3 e0 l116 t0 }
  noise model: unit (2) 

Factor 1077:   keys = { x0 x4 e0 l116 t0 }
  noise model: unit (2) 

Factor 1078:   keys = { x0 x5 e0 l116 t0 }
  noise model: unit (2) 

Factor 1079:   keys = { x0 x6 e0 l116 t0 }
  noise model: unit (2) 

Factor 1080:   keys = { x0 x1 e0 l119 t0 }
  noise model: unit (2) 

Factor 1081:   keys = { x0 x2 e0 l119 t0 }
  noise model: unit (2) 

Factor 1082:   keys = { x0 x3 e0 l119 t0 }
  noise model: unit (2) 

Factor 1083:   keys = { x0 x4 e0 l119 t0 }
  noise model: unit (2) 

Factor 1084:   keys = { x0 x5 e0 l119 t0 }
  noise model: unit (2) 

Factor 1085:   keys = { x0 x6 e0 l119 t0 }
  noise model: unit (2) 

Factor 1086:   keys = { x0 x7 e0 l119 t0 }
  noise model: unit (2) 

Factor 1087:   keys = { x0 x8 e0 l119 t0 }
  noise model: unit (2) 

Factor 1088:   keys = { x0 x9 e0 l119 t0 }
  noise model: unit (2) 

Factor 1089:   keys = { x0 x10 e0 l119 t0 }
  noise model: unit (2) 

Factor 1090:   keys = { e0 e1 l121 t0 }
  noise model: unit (2) 

Factor 1091:   keys = { x0 x1 e0 e1 l121 t0 }
  noise model: unit (2) 

Factor 1092:   keys = { x0 x1 e0 e1 l121 t0 }
  noise model: unit (2) 

Factor 1093:   keys = { x0 x1 e0 e1 l121 t0 }
  noise model: unit (2) 

Factor 1094:   keys = { x0 x1 e0 e1 l121 t0 }
  noise model: unit (2) 

Factor 1095:   keys = { x0 x1 e0 e1 l121 t0 }
  noise model: unit (2) 

Factor 1096:   keys = { x0 x1 e0 e1 l121 t0 }
  noise model: unit (2) 

Factor 1097:   keys = { x0 x1 e0 e1 l121 t0 }
  noise model: unit (2) 

Factor 1098:   keys = { x0 x1 e0 l124 t0 }
  noise model: unit (2) 

Factor 1099:   keys = { x0 x2 e0 l124 t0 }
  noise model: unit (2) 

Factor 1100:   keys = { x0 x3 e0 l124 t0 }
  noise model: unit (2) 

Factor 1101:   keys = { e0 e1 l125 t0 }
  noise model: unit (2) 

Factor 1102:   keys = { x0 x1 e0 e1 l125 t0 }
  noise model: unit (2) 

Factor 1103:   keys = { x0 x1 e0 e1 l125 t0 }
  noise model: unit (2) 

Factor 1104:   keys = { x0 x1 e0 e1 l125 t0 }
  noise model: unit (2) 

Factor 1105:   keys = { x0 x1 e0 e1 l125 t0 }
  noise model: unit (2) 

Factor 1106:   keys = { x0 x1 e0 e1 l125 t0 }
  noise model: unit (2) 

Factor 1107:   keys = { x0 x1 e0 e1 l125 t0 }
  noise model: unit (2) 

Factor 1108:   keys = { x0 x1 e0 e1 l125 t0 }
  noise model: unit (2) 

Factor 1109:   keys = { x0 x1 e0 e1 l125 t0 }
  noise model: unit (2) 

Factor 1110:   keys = { x0 x1 e0 e1 l125 t0 }
  noise model: unit (2) 

Factor 1111:   keys = { x0 x1 e0 e1 l125 t0 }
  noise model: unit (2) 

Factor 1112:   keys = { e0 e1 l127 t0 }
  noise model: unit (2) 

Factor 1113:   keys = { x0 x1 e0 e1 l127 t0 }
  noise model: unit (2) 

Factor 1114:   keys = { x0 x1 e0 e1 l127 t0 }
  noise model: unit (2) 

Factor 1115:   keys = { x0 x1 e0 e1 l127 t0 }
  noise model: unit (2) 

Factor 1116:   keys = { x0 x1 e0 e1 l127 t0 }
  noise model: unit (2) 

Factor 1117:   keys = { x0 x1 e0 e1 l127 t0 }
  noise model: unit (2) 

Factor 1118:   keys = { x0 x1 e0 e1 l127 t0 }
  noise model: unit (2) 

Factor 1119:   keys = { x0 x1 e0 e1 l127 t0 }
  noise model: unit (2) 

Factor 1120:   keys = { x0 x1 e0 e1 l127 t0 }
  noise model: unit (2) 

Factor 1121:   keys = { x0 x1 e0 e1 l127 t0 }
  noise model: unit (2) 

Factor 1122:   keys = { x0 x1 e0 e1 l127 t0 }
  noise model: unit (2) 

Factor 1123:   keys = { x0 x1 e0 l132 t0 }
  noise model: unit (2) 

Factor 1124:   keys = { x0 x2 e0 l132 t0 }
  noise model: unit (2) 

Factor 1125:   keys = { x0 x3 e0 l132 t0 }
  noise model: unit (2) 

Factor 1126:   keys = { x0 x4 e0 l132 t0 }
  noise model: unit (2) 

Factor 1127:   keys = { x0 x1 e0 l136 t0 }
  noise model: unit (2) 

Factor 1128:   keys = { x0 x2 e0 l136 t0 }
  noise model: unit (2) 

Factor 1129:   keys = { x0 x3 e0 l136 t0 }
  noise model: unit (2) 

Factor 1130:   keys = { x0 x4 e0 l136 t0 }
  noise model: unit (2) 

Factor 1131:   keys = { x0 x5 e0 l136 t0 }
  noise model: unit (2) 

Factor 1132:   keys = { x0 x6 e0 l136 t0 }
  noise model: unit (2) 

Factor 1133:   keys = { x0 x7 e0 l136 t0 }
  noise model: unit (2) 

Factor 1134:   keys = { x0 x8 e0 l136 t0 }
  noise model: unit (2) 

Factor 1135:   keys = { x0 x9 e0 l136 t0 }
  noise model: unit (2) 

Factor 1136:   keys = { x0 x10 e0 l136 t0 }
  noise model: unit (2) 

Factor 1137:   keys = { e0 e1 l142 t0 }
  noise model: unit (2) 

Factor 1138:   keys = { x0 x1 e0 e1 l142 t0 }
  noise model: unit (2) 

Factor 1139:   keys = { x0 x1 e0 e1 l142 t0 }
  noise model: unit (2) 

Factor 1140:   keys = { x0 x1 e0 e1 l142 t0 }
  noise model: unit (2) 

Factor 1141:   keys = { x0 x1 e0 e1 l142 t0 }
  noise model: unit (2) 

Factor 1142:   keys = { x0 x1 e0 e1 l142 t0 }
  noise model: unit (2) 

Factor 1143:   keys = { x0 x1 e0 e1 l142 t0 }
  noise model: unit (2) 

Factor 1144:   keys = { x0 x1 e0 e1 l142 t0 }
  noise model: unit (2) 

Factor 1145:   keys = { x0 x1 e0 e1 l142 t0 }
  noise model: unit (2) 

Factor 1146:   keys = { x0 x1 e0 e1 l142 t0 }
  noise model: unit (2) 

Factor 1147:   keys = { x0 x1 e0 e1 l142 t0 }
  noise model: unit (2) 

Factor 1148:   keys = { e0 e1 l151 t0 }
  noise model: unit (2) 

Factor 1149:   keys = { x0 x1 e0 e1 l151 t0 }
  noise model: unit (2) 

Factor 1150:   keys = { x0 x1 e0 e1 l151 t0 }
  noise model: unit (2) 

Factor 1151:   keys = { x0 x1 e0 e1 l151 t0 }
  noise model: unit (2) 

Factor 1152:   keys = { x0 x1 e0 e1 l151 t0 }
  noise model: unit (2) 

Factor 1153:   keys = { x0 x1 e0 e1 l151 t0 }
  noise model: unit (2) 

Factor 1154:   keys = { x0 x1 e0 e1 l151 t0 }
  noise model: unit (2) 

Factor 1155:   keys = { x0 x1 e0 e1 l151 t0 }
  noise model: unit (2) 

Factor 1156:   keys = { x0 x1 e0 e1 l151 t0 }
  noise model: unit (2) 

Factor 1157:   keys = { x0 x1 e0 e1 l151 t0 }
  noise model: unit (2) 

Factor 1158:   keys = { x0 x1 e0 e1 l151 t0 }
  noise model: unit (2) 

Factor 1159:   keys = { x0 x1 e0 l165 t0 }
  noise model: unit (2) 

Factor 1160:   keys = { x0 x2 e0 l165 t0 }
  noise model: unit (2) 

Factor 1161:   keys = { x0 x3 e0 l165 t0 }
  noise model: unit (2) 

Factor 1162:   keys = { x0 x4 e0 l165 t0 }
  noise model: unit (2) 

Factor 1163:   keys = { x0 x5 e0 l165 t0 }
  noise model: unit (2) 

Factor 1164:   keys = { x0 x6 e0 l165 t0 }
  noise model: unit (2) 

Factor 1165:   keys = { x0 x7 e0 l165 t0 }
  noise model: unit (2) 

Factor 1166:   keys = { x0 x8 e0 l165 t0 }
  noise model: unit (2) 

Factor 1167:   keys = { x0 x9 e0 l165 t0 }
  noise model: unit (2) 

Factor 1168:   keys = { x0 x10 e0 l165 t0 }
  noise model: unit (2) 

Factor 1169:   keys = { e0 e1 l180 t0 }
  noise model: unit (2) 

Factor 1170:   keys = { x0 x1 e0 e1 l180 t0 }
  noise model: unit (2) 

Factor 1171:   keys = { x0 x1 e0 e1 l180 t0 }
  noise model: unit (2) 

Factor 1172:   keys = { x0 x1 e0 e1 l180 t0 }
  noise model: unit (2) 

Factor 1173:   keys = { x0 x1 e0 e1 l180 t0 }
  noise model: unit (2) 

Factor 1174:   keys = { x0 x1 e0 e1 l180 t0 }
  noise model: unit (2) 

Factor 1175:   keys = { x0 x1 e0 e1 l180 t0 }
  noise model: unit (2) 

Factor 1176:   keys = { x0 x1 e0 e1 l180 t0 }
  noise model: unit (2) 

Factor 1177:   keys = { x0 x1 e0 e1 l180 t0 }
  noise model: unit (2) 

Factor 1178:   keys = { x0 x9 e0 l180 t0 }
  noise model: unit (2) 

Factor 1179:   keys = { x0 x1 e0 e1 l180 t0 }
  noise model: unit (2) 

Factor 1180:   keys = { x0 x1 e0 l184 t0 }
  noise model: unit (2) 

Factor 1181:   keys = { x0 x2 e0 l184 t0 }
  noise model: unit (2) 

Factor 1182:   keys = { x0 x3 e0 l184 t0 }
  noise model: unit (2) 

Factor 1183:   keys = { x0 x4 e0 l184 t0 }
  noise model: unit (2) 

Factor 1184:   keys = { x0 x5 e0 l184 t0 }
  noise model: unit (2) 

Factor 1185:   keys = { x0 x6 e0 l184 t0 }
  noise model: unit (2) 

Factor 1186:   keys = { e0 e1 l193 t0 }
  noise model: unit (2) 

Factor 1187:   keys = { x0 x1 e0 e1 l193 t0 }
  noise model: unit (2) 

Factor 1188:   keys = { x0 x1 e0 e1 l193 t0 }
  noise model: unit (2) 

Factor 1189:   keys = { x0 x1 e0 e1 l193 t0 }
  noise model: unit (2) 

Factor 1190:   keys = { x0 x1 e0 e1 l193 t0 }
  noise model: unit (2) 

Factor 1191:   keys = { x0 x1 e0 e1 l193 t0 }
  noise model: unit (2) 

Factor 1192:   keys = { x0 x1 e0 e1 l193 t0 }
  noise model: unit (2) 

Factor 1193:   keys = { x0 x1 e0 e1 l193 t0 }
  noise model: unit (2) 

Factor 1194:   keys = { x0 x1 e0 e1 l193 t0 }
  noise model: unit (2) 

Factor 1195:   keys = { x0 x1 e0 e1 l193 t0 }
  noise model: unit (2) 

Factor 1196:   keys = { x0 x1 e0 e1 l193 t0 }
  noise model: unit (2) 

Factor 1197:   keys = { x0 x1 e0 l202 t0 }
  noise model: unit (2) 

Factor 1198:   keys = { x0 x2 e0 l202 t0 }
  noise model: unit (2) 

Factor 1199:   keys = { x0 x3 e0 l202 t0 }
  noise model: unit (2) 

Factor 1200:   keys = { x0 x4 e0 l202 t0 }
  noise model: unit (2) 

Factor 1201:   keys = { x0 x5 e0 l202 t0 }
  noise model: unit (2) 

Factor 1202:   keys = { x0 x6 e0 l202 t0 }
  noise model: unit (2) 

Factor 1203:   keys = { x0 x7 e0 l202 t0 }
  noise model: unit (2) 

Factor 1204:   keys = { x0 x8 e0 l202 t0 }
  noise model: unit (2) 

Factor 1205:   keys = { x0 x9 e0 l202 t0 }
  noise model: unit (2) 

Factor 1206:   keys = { x0 x10 e0 l202 t0 }
  noise model: unit (2) 

Factor 1207:   keys = { e0 e1 l221 t0 }
  noise model: unit (2) 

Factor 1208:   keys = { x0 x1 e0 e1 l221 t0 }
  noise model: unit (2) 

Factor 1209:   keys = { x0 x1 e0 e1 l221 t0 }
  noise model: unit (2) 

Factor 1210:   keys = { x0 x1 e0 e1 l221 t0 }
  noise model: unit (2) 

Factor 1211:   keys = { x0 x1 e0 e1 l221 t0 }
  noise model: unit (2) 

Factor 1212:   keys = { x0 x1 e0 e1 l221 t0 }
  noise model: unit (2) 

Factor 1213:   keys = { x0 x1 e0 e1 l221 t0 }
  noise model: unit (2) 

Factor 1214:   keys = { x0 x1 e0 e1 l221 t0 }
  noise model: unit (2) 

Factor 1215:   keys = { x0 x1 e0 l246 t0 }
  noise model: unit (2) 

Factor 1216:   keys = { x0 x2 e0 l246 t0 }
  noise model: unit (2) 

Factor 1217:   keys = { x0 x3 e0 l246 t0 }
  noise model: unit (2) 

Factor 1218:   keys = { x0 x4 e0 l246 t0 }
  noise model: unit (2) 

Factor 1219:   keys = { e0 e1 l249 t0 }
  noise model: unit (2) 

Factor 1220:   keys = { x0 x1 e0 e1 l249 t0 }
  noise model: unit (2) 

Factor 1221:   keys = { x0 x1 e0 e1 l249 t0 }
  noise model: unit (2) 

Factor 1222:   keys = { x0 x1 e0 e1 l249 t0 }
  noise model: unit (2) 

Factor 1223:   keys = { x0 x1 e0 e1 l249 t0 }
  noise model: unit (2) 

Factor 1224:   keys = { x0 x1 e0 e1 l249 t0 }
  noise model: unit (2) 

Factor 1225:   keys = { x0 x1 e0 e1 l249 t0 }
  noise model: unit (2) 

Factor 1226:   keys = { x0 x1 e0 e1 l249 t0 }
  noise model: unit (2) 

Factor 1227:   keys = { x0 x1 e0 e1 l249 t0 }
  noise model: unit (2) 

Factor 1228:   keys = { x0 x1 e0 e1 l249 t0 }
  noise model: unit (2) 

Factor 1229:   keys = { x0 x1 e0 e1 l249 t0 }
  noise model: unit (2) 

Factor 1230:   keys = { e0 e1 l318 t0 }
  noise model: unit (2) 

Factor 1231:   keys = { x1 x2 e0 e1 l318 t0 }
  noise model: unit (2) 

Factor 1232:   keys = { x1 x2 e0 e1 l318 t0 }
  noise model: unit (2) 

Factor 1233:   keys = { x1 x2 e0 e1 l318 t0 }
  noise model: unit (2) 

Factor 1234:   keys = { x1 x2 e0 e1 l318 t0 }
  noise model: unit (2) 

Factor 1235:   keys = { x1 x2 e0 e1 l318 t0 }
  noise model: unit (2) 

Factor 1236:   keys = { x1 x2 e0 e1 l318 t0 }
  noise model: unit (2) 

Factor 1237:   keys = { x1 x2 e0 e1 l318 t0 }
  noise model: unit (2) 

Factor 1238:   keys = { x1 x2 e0 e1 l318 t0 }
  noise model: unit (2) 

Factor 1239:   keys = { x1 x2 e0 e1 l318 t0 }
  noise model: unit (2) 

Factor 1240:   keys = { x1 x2 e0 l332 t0 }
  noise model: unit (2) 

Factor 1241:   keys = { x1 x3 e0 l332 t0 }
  noise model: unit (2) 

Factor 1242:   keys = { x1 x4 e0 l332 t0 }
  noise model: unit (2) 

Factor 1243:   keys = { x1 x5 e0 l332 t0 }
  noise model: unit (2) 

Factor 1244:   keys = { x1 x6 e0 l332 t0 }
  noise model: unit (2) 

Factor 1245:   keys = { x1 x7 e0 l332 t0 }
  noise model: unit (2) 

Factor 1246:   keys = { x1 x8 e0 l332 t0 }
  noise model: unit (2) 

Factor 1247:   keys = { x1 x9 e0 l332 t0 }
  noise model: unit (2) 

Factor 1248:   keys = { x1 x10 e0 l332 t0 }
  noise model: unit (2) 

Factor 1249:   keys = { e0 e1 l445 t0 }
  noise model: unit (2) 

Factor 1250:   keys = { x1 x2 e0 e1 l445 t0 }
  noise model: unit (2) 

Factor 1251:   keys = { x1 x2 e0 e1 l445 t0 }
  noise model: unit (2) 

Factor 1252:   keys = { x1 x2 e0 e1 l445 t0 }
  noise model: unit (2) 

Factor 1253:   keys = { x1 x5 e0 l445 t0 }
  noise model: unit (2) 

Factor 1254:   keys = { x1 x2 e0 e1 l445 t0 }
  noise model: unit (2) 

Factor 1255:   keys = { x1 x7 e0 l445 t0 }
  noise model: unit (2) 

Factor 1256:   keys = { e0 e1 l578 t0 }
  noise model: unit (2) 

Factor 1257:   keys = { x1 x2 e0 e1 l578 t0 }
  noise model: unit (2) 

Factor 1258:   keys = { x1 x2 e0 e1 l578 t0 }
  noise model: unit (2) 

Factor 1259:   keys = { x1 x2 e0 e1 l578 t0 }
  noise model: unit (2) 

Factor 1260:   keys = { x1 x2 e0 e1 l578 t0 }
  noise model: unit (2) 

Factor 1261:   keys = { x1 x2 e0 e1 l578 t0 }
  noise model: unit (2) 

Factor 1262:   keys = { x1 x2 e0 e1 l578 t0 }
  noise model: unit (2) 

Factor 1263:   keys = { x1 x2 e0 e1 l578 t0 }
  noise model: unit (2) 

Factor 1264:   keys = { x1 x2 e0 e1 l578 t0 }
  noise model: unit (2) 

Factor 1265:   keys = { x1 x2 e0 e1 l578 t0 }
  noise model: unit (2) 

Factor 1266:   keys = { e0 e1 l587 t0 }
  noise model: unit (2) 

Factor 1267:   keys = { x1 x2 e0 e1 l587 t0 }
  noise model: unit (2) 

Factor 1268:   keys = { x1 x2 e0 e1 l587 t0 }
  noise model: unit (2) 

Factor 1269:   keys = { x1 x2 e0 e1 l587 t0 }
  noise model: unit (2) 

Factor 1270:   keys = { x1 x2 e0 e1 l587 t0 }
  noise model: unit (2) 

Factor 1271:   keys = { x1 x2 e0 e1 l587 t0 }
  noise model: unit (2) 

Factor 1272:   keys = { x1 x2 e0 e1 l587 t0 }
  noise model: unit (2) 

Factor 1273:   keys = { x1 x2 e0 e1 l587 t0 }
  noise model: unit (2) 

Factor 1274:   keys = { x1 x9 e0 l587 t0 }
  noise model: unit (2) 

Factor 1275:   keys = { x1 x2 e0 e1 l587 t0 }
  noise model: unit (2) 

Factor 1276:   keys = { e0 e1 l608 t0 }
  noise model: unit (2) 

Factor 1277:   keys = { x1 x2 e0 e1 l608 t0 }
  noise model: unit (2) 

Factor 1278:   keys = { x1 x2 e0 e1 l608 t0 }
  noise model: unit (2) 

Factor 1279:   keys = { x1 x2 e0 e1 l608 t0 }
  noise model: unit (2) 

Factor 1280:   keys = { x1 x2 e0 e1 l608 t0 }
  noise model: unit (2) 

Factor 1281:   keys = { x1 x2 e0 e1 l608 t0 }
  noise model: unit (2) 

Factor 1282:   keys = { x1 x2 e0 e1 l608 t0 }
  noise model: unit (2) 

Factor 1283:   keys = { x1 x2 e0 e1 l608 t0 }
  noise model: unit (2) 

Factor 1284:   keys = { x1 x2 e0 e1 l608 t0 }
  noise model: unit (2) 

Factor 1285:   keys = { x1 x2 e0 e1 l608 t0 }
  noise model: unit (2) 

Factor 1286:   keys = { x2 x3 e0 l622 t0 }
  noise model: unit (2) 

Factor 1287:   keys = { x2 x4 e0 l622 t0 }
  noise model: unit (2) 

Factor 1288:   keys = { x2 x5 e0 l622 t0 }
  noise model: unit (2) 

Factor 1289:   keys = { x2 x6 e0 l622 t0 }
  noise model: unit (2) 

Factor 1290:   keys = { x2 x7 e0 l622 t0 }
  noise model: unit (2) 

Factor 1291:   keys = { e0 e1 l709 t0 }
  noise model: unit (2) 

Factor 1292:   keys = { x2 x3 e0 e1 l709 t0 }
  noise model: unit (2) 

Factor 1293:   keys = { x2 x3 e0 e1 l709 t0 }
  noise model: unit (2) 

Factor 1294:   keys = { x2 x3 e0 e1 l709 t0 }
  noise model: unit (2) 

Factor 1295:   keys = { x2 x3 e0 e1 l709 t0 }
  noise model: unit (2) 

Factor 1296:   keys = { x2 x3 e0 e1 l709 t0 }
  noise model: unit (2) 

Factor 1297:   keys = { x2 x3 e0 e1 l709 t0 }
  noise model: unit (2) 

Factor 1298:   keys = { x2 x3 e0 e1 l709 t0 }
  noise model: unit (2) 

Factor 1299:   keys = { x2 x3 e0 e1 l709 t0 }
  noise model: unit (2) 

Factor 1300:   keys = { e0 e1 l790 t0 }
  noise model: unit (2) 

Factor 1301:   keys = { x2 x3 e0 l790 t0 }
  noise model: unit (2) 

Factor 1302:   keys = { x2 x4 e0 l790 t0 }
  noise model: unit (2) 

Factor 1303:   keys = { x2 x3 e0 e1 l790 t0 }
  noise model: unit (2) 

Factor 1304:   keys = { x2 x3 e0 e1 l790 t0 }
  noise model: unit (2) 

Factor 1305:   keys = { x2 x7 e0 l790 t0 }
  noise model: unit (2) 

Factor 1306:   keys = { x2 x8 e0 l790 t0 }
  noise model: unit (2) 

Factor 1307:   keys = { x2 x9 e0 l790 t0 }
  noise model: unit (2) 

Factor 1308:   keys = { x2 x10 e0 l790 t0 }
  noise model: unit (2) 

Factor 1309:   keys = { x2 x3 e0 l802 t0 }
  noise model: unit (2) 

Factor 1310:   keys = { x2 x4 e0 l802 t0 }
  noise model: unit (2) 

Factor 1311:   keys = { x2 x5 e0 l802 t0 }
  noise model: unit (2) 

Factor 1312:   keys = { e0 e1 l952 t0 }
  noise model: unit (2) 

Factor 1313:   keys = { x3 x4 e0 e1 l952 t0 }
  noise model: unit (2) 

Factor 1314:   keys = { x3 x4 e0 e1 l952 t0 }
  noise model: unit (2) 

Factor 1315:   keys = { x3 x4 e0 e1 l952 t0 }
  noise model: unit (2) 

Factor 1316:   keys = { x3 x4 e0 l970 t0 }
  noise model: unit (2) 

Factor 1317:   keys = { x3 x5 e0 l970 t0 }
  noise model: unit (2) 

Factor 1318:   keys = { x3 x6 e0 l970 t0 }
  noise model: unit (2) 

Factor 1319:   keys = { x3 x4 e0 l1042 t0 }
  noise model: unit (2) 

Factor 1320:   keys = { x3 x5 e0 l1042 t0 }
  noise model: unit (2) 

Factor 1321:   keys = { x3 x6 e0 l1042 t0 }
  noise model: unit (2) 

Factor 1322:   keys = { x3 x4 e0 l1078 t0 }
  noise model: unit (2) 

Factor 1323:   keys = { x3 x5 e0 l1078 t0 }
  noise model: unit (2) 

Factor 1324:   keys = { x3 x6 e0 l1078 t0 }
  noise model: unit (2) 

Factor 1325:   keys = { x3 x7 e0 l1078 t0 }
  noise model: unit (2) 

Factor 1326:   keys = { e0 e1 l1192 t0 }
  noise model: unit (2) 

Factor 1327:   keys = { x3 x4 e0 e1 l1192 t0 }
  noise model: unit (2) 

Factor 1328:   keys = { x3 x4 e0 e1 l1192 t0 }
  noise model: unit (2) 

Factor 1329:   keys = { x3 x4 e0 e1 l1192 t0 }
  noise model: unit (2) 

Factor 1330:   keys = { x3 x4 e0 e1 l1192 t0 }
  noise model: unit (2) 

Factor 1331:   keys = { x3 x4 e0 e1 l1192 t0 }
  noise model: unit (2) 

Factor 1332:   keys = { x3 x4 e0 e1 l1192 t0 }
  noise model: unit (2) 

Factor 1333:   keys = { x3 x4 e0 e1 l1192 t0 }
  noise model: unit (2) 

Factor 1334:   keys = { e0 e1 l1622 t0 }
  noise model: unit (2) 

Factor 1335:   keys = { x5 x6 e0 e1 l1622 t0 }
  noise model: unit (2) 

Factor 1336:   keys = { x5 x6 e0 e1 l1622 t0 }
  noise model: unit (2) 

Factor 1337:   keys = { x5 x6 e0 e1 l1622 t0 }
  noise model: unit (2) 

Factor 1338:   keys = { e0 e1 l1714 t0 }
  noise model: unit (2) 

Factor 1339:   keys = { x5 x6 e0 e1 l1714 t0 }
  noise model: unit (2) 

Factor 1340:   keys = { x5 x6 e0 e1 l1714 t0 }
  noise model: unit (2) 

Factor 1341:   keys = { x5 x6 e0 e1 l1714 t0 }
  noise model: unit (2) 

Factor 1342:   keys = { x5 x6 e0 e1 l1714 t0 }
  noise model: unit (2) 

Factor 1343:   keys = { x5 x6 e0 e1 l1714 t0 }
  noise model: unit (2) 

Factor 1344:   keys = { x7 x8 e0 l2441 t0 }
  noise model: unit (2) 

Factor 1345:   keys = { x7 x9 e0 l2441 t0 }
  noise model: unit (2) 

Factor 1346:   keys = { x7 x10 e0 l2441 t0 }
  noise model: unit (2) 

Factor 1347:   keys = { x7 x8 e0 l2498 t0 }
  noise model: unit (2) 

Factor 1348:   keys = { x7 x9 e0 l2498 t0 }
  noise model: unit (2) 

Factor 1349:   keys = { x7 x10 e0 l2498 t0 }
  noise model: unit (2) 

initial values
Values with 173 values:
Value b0: (gtsam::imuBias::ConstantBias)
acc = 0 0 0 gyro =  0.000281665 -0.000531023   -0.0143777

Value b1: (gtsam::imuBias::ConstantBias)
acc = 0 0 0 gyro =  0.000281665 -0.000531023   -0.0143777

Value b2: (gtsam::imuBias::ConstantBias)
acc = 0 0 0 gyro =  0.000281665 -0.000531023   -0.0143777

Value b3: (gtsam::imuBias::ConstantBias)
acc = 0 0 0 gyro =  0.000281665 -0.000531023   -0.0143777

Value b4: (gtsam::imuBias::ConstantBias)
acc = 0 0 0 gyro =  0.000281665 -0.000531023   -0.0143777

Value b5: (gtsam::imuBias::ConstantBias)
acc = 0 0 0 gyro =  0.000281665 -0.000531023   -0.0143777

Value b6: (gtsam::imuBias::ConstantBias)
acc = 0 0 0 gyro =  0.000281665 -0.000531023   -0.0143777

Value b7: (gtsam::imuBias::ConstantBias)
acc = 0 0 0 gyro =  0.000281665 -0.000531023   -0.0143777

Value b8: (gtsam::imuBias::ConstantBias)
acc = 0 0 0 gyro =  0.000281665 -0.000531023   -0.0143777

Value b9: (gtsam::imuBias::ConstantBias)
acc = 0 0 0 gyro =  0.000281665 -0.000531023   -0.0143777

Value b10: (gtsam::imuBias::ConstantBias)
acc = 0 0 0 gyro =  0.000281665 -0.000531023   -0.0143777

Value e0: (gtsam::Pose3)
R: [
	-0.00575863, -0.00404633, 0.999975;
	-0.999983, -0.00102246, -0.00576281;
	0.00104575, -0.999991, -0.00404037
]
t:  0.107302 0.0148365 0.0246396

Value e1: (gtsam::Pose3)
R: [
	-0.00100218, 0.000363135, 0.999999;
	-0.999992, -0.00383034, -0.00100078;
	0.00382998, -0.999993, 0.000366971
]
t:   0.104848 -0.0148108  0.0246396

Value l0: (double)
1.68576

Value l1: (double)
1.73915

Value l2: (double)
1.13317

Value l3: (double)
1.82174

Value l4: (double)
1.18655

Value l5: (double)
1.51023

Value l6: (double)
1.74717

Value l7: (double)
1.93134

Value l8: (double)
2.08354

Value l9: (double)
1.74272

Value l10: (double)
1.83547

Value l11: (double)
1.17573

Value l12: (double)
1.25961

Value l13: (double)
1.93882

Value l14: (double)
1.26773

Value l15: (double)
0.978143

Value l16: (double)
1.5937

Value l17: (double)
1.2656

Value l18: (double)
1.55941

Value l19: (double)
0.995428

Value l20: (double)
1.51153

Value l21: (double)
1.10288

Value l22: (double)
1.49639

Value l23: (double)
1.17761

Value l24: (double)
1.33011

Value l25: (double)
1.23047

Value l26: (double)
2.10636

Value l27: (double)
1.22486

Value l28: (double)
1.16831

Value l29: (double)
1.71388

Value l30: (double)
0.996859

Value l31: (double)
1.29003

Value l32: (double)
1.40539

Value l33: (double)
1.28865

Value l34: (double)
2.01409

Value l35: (double)
1.82737

Value l36: (double)
1.35683

Value l37: (double)
1.30003

Value l38: (double)
1.90107

Value l39: (double)
1.59878

Value l40: (double)
1.41261

Value l41: (double)
1.93423

Value l42: (double)
1.33157

Value l43: (double)
2.08647

Value l44: (double)
1.33154

Value l45: (double)
1.32891

Value l46: (double)
1.65583

Value l47: (double)
1.2487

Value l48: (double)
1.57067

Value l49: (double)
1.44141

Value l50: (double)
1.4227

Value l51: (double)
1.25593

Value l52: (double)
0.333061

Value l53: (double)
0.978147

Value l54: (double)
1.22107

Value l55: (double)
1.78284

Value l56: (double)
1.27062

Value l57: (double)
1.99565

Value l58: (double)
1.00678

Value l59: (double)
2.06059

Value l60: (double)
2.11073

Value l61: (double)
2.18373

Value l62: (double)
1.09515

Value l63: (double)
1.53774

Value l64: (double)
1.73719

Value l65: (double)
2.00759

Value l66: (double)
1.14479

Value l67: (double)
1.1663

Value l68: (double)
1.86079

Value l69: (double)
2.00416

Value l70: (double)
0.918831

Value l71: (double)
1.19797

Value l72: (double)
1.10519

Value l73: (double)
23.5711

Value l74: (double)
1.834

Value l75: (double)
1.73426

Value l76: (double)
0.920632

Value l77: (double)
0.2

Value l78: (double)
1.58491

Value l79: (double)
9.25649

Value l80: (double)
0.890726

Value l81: (double)
1.13866

Value l82: (double)
0.991477

Value l83: (double)
1.77869

Value l84: (double)
76.2302

Value l85: (double)
1.30299

Value l86: (double)
1.58972

Value l87: (double)
0.925623

Value l88: (double)
0.2

Value l89: (double)
0.861739

Value l92: (double)
0.2

Value l93: (double)
1.97738

Value l95: (double)
1.21046

Value l98: (double)
1.49658

Value l99: (double)
1.34629

Value l100: (double)
1.39682

Value l101: (double)
1.50375

Value l102: (double)
1.67817

Value l103: (double)
1.02351

Value l108: (double)
12.8647

Value l116: (double)
0.2

Value l119: (double)
2.90884

Value l121: (double)
1.34633

Value l124: (double)
22.1434

Value l125: (double)
1.8346

Value l127: (double)
2.13501

Value l132: (double)
8.66546

Value l136: (double)
0.2

Value l142: (double)
1.06755

Value l151: (double)
0.946615

Value l165: (double)
18.6645

Value l180: (double)
1.35883

Value l184: (double)
0.2

Value l193: (double)
0.883551

Value l202: (double)
15.0103

Value l221: (double)
1.46072

Value l246: (double)
27.5662

Value l249: (double)
1.9349

Value l318: (double)
1.23777

Value l332: (double)
0.2

Value l445: (double)
1.34748

Value l578: (double)
1.57065

Value l587: (double)
1.70582

Value l608: (double)
1.22145

Value l622: (double)
0.2

Value l709: (double)
2.05076

Value l790: (double)
0.903839

Value l802: (double)
172.087

Value l952: (double)
1.35499

Value l970: (double)
0.2

Value l1042: (double)
162.178

Value l1078: (double)
0.2

Value l1192: (double)
1.23661

Value l1622: (double)
1.45348

Value l1714: (double)
1.44125

Value l2441: (double)
0.2

Value l2498: (double)
19.0758

Value t0: (double)
-0.05

Value v0: (Eigen::Matrix<double, 3, 1, 0, 3, 1>)
[
	0;
	0;
	0
]

Value v1: (Eigen::Matrix<double, 3, 1, 0, 3, 1>)
[
	-3.36851e-05;
	3.97175e-05;
	0.000598682
]

Value v2: (Eigen::Matrix<double, 3, 1, 0, 3, 1>)
[
	0.000313974;
	1.71985e-05;
	0.00118279
]

Value v3: (Eigen::Matrix<double, 3, 1, 0, 3, 1>)
[
	0.000384285;
	0.000258632;
	0.00164729
]

Value v4: (Eigen::Matrix<double, 3, 1, 0, 3, 1>)
[
	0.000468533;
	0.000386881;
	0.00214009
]

Value v5: (Eigen::Matrix<double, 3, 1, 0, 3, 1>)
[
	0.000689279;
	0.000405281;
	0.0024633
]

Value v6: (Eigen::Matrix<double, 3, 1, 0, 3, 1>)
[
	0.000861053;
	0.00056895;
	0.00277535
]

Value v7: (Eigen::Matrix<double, 3, 1, 0, 3, 1>)
[
	0.000884594;
	0.000665505;
	0.0031864
]

Value v8: (Eigen::Matrix<double, 3, 1, 0, 3, 1>)
[
	0.000918285;
	0.000798918;
	0.00327034
]

Value v9: (Eigen::Matrix<double, 3, 1, 0, 3, 1>)
[
	0.00123925;
	0.00064924;
	0.00350737
]

Value v10: (Eigen::Matrix<double, 3, 1, 0, 3, 1>)
[
	0.00164538;
	0.000565624;
	0.00377847
]

Value x0: (gtsam::Pose3)
R: [
	0.999386, 0.000279043, 0.0350379;
	0, 0.999968, -0.00796379;
	-0.035039, 0.0079589, 0.999354
]
t: 0 0 0

Value x1: (gtsam::Pose3)
R: [
	0.999387, 0.000333662, 0.0350201;
	-5.41922e-05, 0.999968, -0.0079809;
	-0.0350217, 0.0079741, 0.999355
]
t:  2.55863e-05   5.5473e-05 -2.38319e-05

Value x2: (gtsam::Pose3)
R: [
	0.999385, 0.000279801, 0.035064;
	7.69795e-07, 0.999968, -0.00800141;
	-0.0350651, 0.00799652, 0.999353
]
t: -1.46348e-08  1.68379e-06  2.30616e-06

Value x3: (gtsam::Pose3)
R: [
	0.999385, 0.000278158, 0.0350626;
	2.80149e-06, 0.999968, -0.00801278;
	-0.0350637, 0.00800795, 0.999353
]
t: -1.4219e-06 3.87009e-06 2.30828e-06

Value x4: (gtsam::Pose3)
R: [
	0.999385, 0.00026878, 0.0350769;
	1.25493e-05, 0.999968, -0.00801989;
	-0.0350779, 0.0080154, 0.999352
]
t:  5.79006e-06  1.62532e-06 -1.11025e-07

Value x5: (gtsam::Pose3)
R: [
	0.999384, 0.000262054, 0.0350835;
	2.08595e-05, 0.999967, -0.00806339;
	-0.0350844, 0.00805916, 0.999352
]
t: 2.40209e-06 1.46575e-06 2.02246e-07

Value x6: (gtsam::Pose3)
R: [
	0.999384, 0.000267842, 0.0351002;
	1.47167e-05, 0.999968, -0.00804955;
	-0.0351012, 0.00804511, 0.999351
]
t: 5.55603e-06 2.80207e-06 1.61588e-06

Value x7: (gtsam::Pose3)
R: [
	0.999382, 0.000292639, 0.0351379;
	-8.99292e-06, 0.999967, -0.00807225;
	-0.0351391, 0.00806695, 0.99935
]
t: -3.26742e-06  1.27742e-05  6.16125e-06

Value x8: (gtsam::Pose3)
R: [
	0.999378, 0.000305359, 0.0352615;
	-1.50854e-05, 0.999966, -0.00823201;
	-0.0352628, 0.00822636, 0.999344
]
t: -3.22004e-05  1.43286e-05  2.86482e-05

Value x9: (gtsam::Pose3)
R: [
	0.999375, 0.000290325, 0.03535;
	3.17487e-06, 0.999966, -0.00830232;
	-0.0353512, 0.00829724, 0.999341
]
t: -5.2526e-05 1.53246e-05 4.36255e-05

Value x10: (gtsam::Pose3)
R: [
	0.999377, 0.00031979, 0.0353049;
	-3.10203e-05, 0.999967, -0.00817957;
	-0.0353063, 0.00817337, 0.999343
]
t: -6.63869e-05  1.25249e-05  4.31033e-05

Initial error: inf
[0m[ INFO] [1739466158.102895080]: init begins[0m
config_file: /root/catkin_ws/src/VINS-Fusion/config/OmniNxt/omninxt.yaml
USE_IMU: 1
IMU_TOPIC: /mavros/imu/data_raw
result path /home/fast-drone/vins_output/vio.csv
camera number 2
[0m[ INFO] [1739466158.110338056]: Unsynchronized sensors, online estimate time offset, initial td: -0.05[0m
[0m[ INFO] [1739466158.110357219]: ROW: 480 COL: 640 [0m
 exitrinsic cam 0
-0.00575863 -0.00404633    0.999975
  -0.999983 -0.00102246 -0.00576281
 0.00104575   -0.999991 -0.00404037
 0.107302 0.0148365 0.0246396
 exitrinsic cam 1
-0.00100218 0.000363135    0.999999
  -0.999992 -0.00383034 -0.00100078
 0.00382998   -0.999993 0.000366971
  0.104848 -0.0148108  0.0246396
set g     0     0 9.805
[0m[ INFO] [1739466158.110726382]: reading paramerter of camera /root/catkin_ws/src/VINS-Fusion/config/OmniNxt/left.yaml[0m
[0m[ INFO] [1739466158.110859987]: reading paramerter of camera /root/catkin_ws/src/VINS-Fusion/config/OmniNxt/right.yaml[0m
MULTIPLE_THREAD is 1
init first imu pose
averge acc -0.344144 0.081115 9.802959
init R0 
   0.999384 0.000290288   0.0350821
          0    0.999966 -0.00827425
 -0.0350833  0.00826915     0.99935
graphsize: 1316

Factor 0: 
ImuFactor(x0,v0,x1,v1,b0)
preintegrated measurements:

    deltaTij = 0
    deltaRij.ypr = ( 0 -0  0)
    deltaPij = 0 0 0
    deltaVij = 0 0 0
    gyrobias =  0.000566707 -0.000354437    -0.014631
    acc_bias = 0 0 0

    preintMeasCov 
[0 0 0 0 0 0 0 0 0
0 0 0 0 0 0 0 0 0
0 0 0 0 0 0 0 0 0
0 0 0 0 0 0 0 0 0
0 0 0 0 0 0 0 0 0
0 0 0 0 0 0 0 0 0
0 0 0 0 0 0 0 0 0
0 0 0 0 0 0 0 0 0
0 0 0 0 0 0 0 0 0]
  noise model sigmas: 0 0 0 0 0 0 0 0 0

Factor 1: 
ImuFactor(x1,v1,x2,v2,b1)
preintegrated measurements:

    deltaTij = 0.326579
    deltaRij.ypr = ( 0.000119853 -9.26371e-05 -0.000320995)
    deltaPij = -0.0183676 0.00437807   0.522759
    deltaVij = -0.112535 0.0269806   3.20143
    gyrobias =  0.000566707 -0.000354437    -0.014631
    acc_bias = 0 0 0

    preintMeasCov 
[          0           0           0           0           0           0           0           0           0
          0           0           0           0           0           0           0           0           0
          0           0           0           0           0           0           0           0           0
          0           0           0 3.26579e-09           0           0           0           0           0
          0           0           0           0 3.26579e-09           0           0           0           0
          0           0           0           0           0 3.26579e-09           0           0           0
          0           0           0           0           0           0           0           0           0
          0           0           0           0           0           0           0           0           0
          0           0           0           0           0           0           0           0           0]
  noise model sigmas:           0           0           0 5.71471e-05 5.71471e-05 5.71471e-05           0           0           0

Factor 2: 
ImuFactor(x2,v2,x3,v3,b2)
preintegrated measurements:

    deltaTij = 0.0403528
    deltaRij.ypr = (-9.24209e-06  3.67312e-05 -7.31007e-05)
    deltaPij = -0.000280777  6.64819e-05   0.00798251
    deltaVij = -0.0139137 0.00329987   0.395636
    gyrobias =  0.000566707 -0.000354437    -0.014631
    acc_bias = 0 0 0

    preintMeasCov 
[          0           0           0           0           0           0           0           0           0
          0           0           0           0           0           0           0           0           0
          0           0           0           0           0           0           0           0           0
          0           0           0 4.03528e-10           0           0           0           0           0
          0           0           0           0 4.03528e-10           0           0           0           0
          0           0           0           0           0 4.03528e-10           0           0           0
          0           0           0           0           0           0           0           0           0
          0           0           0           0           0           0           0           0           0
          0           0           0           0           0           0           0           0           0]
  noise model sigmas:          0          0          0 2.0088e-05 2.0088e-05 2.0088e-05          0          0          0

Factor 3: 
ImuFactor(x3,v3,x4,v4,b3)
preintegrated measurements:

    deltaTij = 0.00532389
    deltaRij.ypr = (2.78521e-06 5.90405e-06 4.41022e-06)
    deltaPij = -4.8277e-06 1.09527e-06 0.000138981
    deltaVij = -0.00181355 0.000411417   0.0522102
    gyrobias =  0.000566707 -0.000354437    -0.014631
    acc_bias = 0 0 0

    preintMeasCov 
[          0           0           0           0           0           0           0           0           0
          0           0           0           0           0           0           0           0           0
          0           0           0           0           0           0           0           0           0
          0           0           0 5.32389e-11           0           0           0           0           0
          0           0           0           0 5.32389e-11           0           0           0           0
          0           0           0           0           0 5.32389e-11           0           0           0
          0           0           0           0           0           0           0           0           0
          0           0           0           0           0           0           0           0           0
          0           0           0           0           0           0           0           0           0]
  noise model sigmas:          0          0          0 7.2965e-06 7.2965e-06 7.2965e-06          0          0          0

Factor 4: 
ImuFactor(x4,v4,x5,v5,b4)
preintegrated measurements:

    deltaTij = 0.0680172
    deltaRij.ypr = (-5.41724e-05 -5.89383e-05 -1.91957e-05)
    deltaPij = -0.000792142  0.000176094    0.0226797
    deltaVij = -0.0232989 0.00518027   0.666881
    gyrobias =  0.000566707 -0.000354437    -0.014631
    acc_bias = 0 0 0

    preintMeasCov 
[          0           0           0           0           0           0           0           0           0
          0           0           0           0           0           0           0           0           0
          0           0           0           0           0           0           0           0           0
          0           0           0 6.80172e-10           0           0           0           0           0
          0           0           0           0 6.80172e-10           0           0           0           0
          0           0           0           0           0 6.80172e-10           0           0           0
          0           0           0           0           0           0           0           0           0
          0           0           0           0           0           0           0           0           0
          0           0           0           0           0           0           0           0           0]
  noise model sigmas:           0           0           0 2.60801e-05 2.60801e-05 2.60801e-05           0           0           0

Factor 5: 
ImuFactor(x5,v5,x6,v6,b5)
preintegrated measurements:

    deltaTij = 0.0705566
    deltaRij.ypr = (-1.90057e-05 -6.54002e-05 -7.81808e-06)
    deltaPij = -0.000854161  0.000190367      0.02442
    deltaVij = -0.0242196 0.00539711   0.692208
    gyrobias =  0.000566707 -0.000354437    -0.014631
    acc_bias = 0 0 0

    preintMeasCov 
[          0           0           0           0           0           0           0           0           0
          0           0           0           0           0           0           0           0           0
          0           0           0           0           0           0           0           0           0
          0           0           0 7.05566e-10           0           0           0           0           0
          0           0           0           0 7.05566e-10           0           0           0           0
          0           0           0           0           0 7.05566e-10           0           0           0
          0           0           0           0           0           0           0           0           0
          0           0           0           0           0           0           0           0           0
          0           0           0           0           0           0           0           0           0]
  noise model sigmas:           0           0           0 2.65625e-05 2.65625e-05 2.65625e-05           0           0           0

Factor 6: 
ImuFactor(x6,v6,x7,v7,b6)
preintegrated measurements:

    deltaTij = 0.019902
    deltaRij.ypr = (6.79081e-05 4.22536e-05 3.28947e-05)
    deltaPij = -6.9045e-05  1.6943e-05  0.00194205
    deltaVij = -0.00693714   0.0017015    0.195162
    gyrobias =  0.000566707 -0.000354437    -0.014631
    acc_bias = 0 0 0

    preintMeasCov 
[         0          0          0          0          0          0          0          0          0
         0          0          0          0          0          0          0          0          0
         0          0          0          0          0          0          0          0          0
         0          0          0 1.9902e-10          0          0          0          0          0
         0          0          0          0 1.9902e-10          0          0          0          0
         0          0          0          0          0 1.9902e-10          0          0          0
         0          0          0          0          0          0          0          0          0
         0          0          0          0          0          0          0          0          0
         0          0          0          0          0          0          0          0          0]
  noise model sigmas:           0           0           0 1.41074e-05 1.41074e-05 1.41074e-05           0           0           0

Factor 7: 
ImuFactor(x7,v7,x8,v8,b7)
preintegrated measurements:

    deltaTij = 0.05586
    deltaRij.ypr = ( 2.05432e-06  5.87828e-05 -4.48736e-05)
    deltaPij = -0.000538092  0.000130921    0.0152934
    deltaVij = -0.0192604 0.00469157    0.54756
    gyrobias =  0.000566707 -0.000354437    -0.014631
    acc_bias = 0 0 0

    preintMeasCov 
[        0         0         0         0         0         0         0         0         0
        0         0         0         0         0         0         0         0         0
        0         0         0         0         0         0         0         0         0
        0         0         0 5.586e-10         0         0         0         0         0
        0         0         0         0 5.586e-10         0         0         0         0
        0         0         0         0         0 5.586e-10         0         0         0
        0         0         0         0         0         0         0         0         0
        0         0         0         0         0         0         0         0         0
        0         0         0         0         0         0         0         0         0]
  noise model sigmas:           0           0           0 2.36347e-05 2.36347e-05 2.36347e-05           0           0           0

Factor 8: 
ImuFactor(x8,v8,x9,v9,b8)
preintegrated measurements:

    deltaTij = 0.0431657
    deltaRij.ypr = (-5.10717e-05  -9.9579e-06  -4.5549e-05)
    deltaPij = -0.000317134  7.51295e-05   0.00913276
    deltaVij = -0.0146945 0.00348432   0.423149
    gyrobias =  0.000566707 -0.000354437    -0.014631
    acc_bias = 0 0 0

    preintMeasCov 
[          0           0           0           0           0           0           0           0           0
          0           0           0           0           0           0           0           0           0
          0           0           0           0           0           0           0           0           0
          0           0           0 4.31657e-10           0           0           0           0           0
          0           0           0           0 4.31657e-10           0           0           0           0
          0           0           0           0           0 4.31657e-10           0           0           0
          0           0           0           0           0           0           0           0           0
          0           0           0           0           0           0           0           0           0
          0           0           0           0           0           0           0           0           0]
  noise model sigmas:           0           0           0 2.07764e-05 2.07764e-05 2.07764e-05           0           0           0

Factor 9: 
ImuFactor(x9,v9,x10,v10,b9)
preintegrated measurements:

    deltaTij = 0.0382018
    deltaRij.ypr = (7.00951e-05 3.74677e-05 2.52974e-05)
    deltaPij = -0.000249139  5.38123e-05   0.00715249
    deltaVij =  -0.013041 0.00281554   0.374458
    gyrobias =  0.000566707 -0.000354437    -0.014631
    acc_bias = 0 0 0

    preintMeasCov 
[          0           0           0           0           0           0           0           0           0
          0           0           0           0           0           0           0           0           0
          0           0           0           0           0           0           0           0           0
          0           0           0 3.82018e-10           0           0           0           0           0
          0           0           0           0 3.82018e-10           0           0           0           0
          0           0           0           0           0 3.82018e-10           0           0           0
          0           0           0           0           0           0           0           0           0
          0           0           0           0           0           0           0           0           0
          0           0           0           0           0           0           0           0           0]
  noise model sigmas:           0           0           0 1.95453e-05 1.95453e-05 1.95453e-05           0           0           0

Factor 10:   keys = { e0 e1 l0 t0 }
  noise model: unit (2) 

Factor 11:   keys = { x0 x1 e0 e1 l0 t0 }
  noise model: unit (2) 

Factor 12:   keys = { x0 x1 e0 e1 l0 t0 }
  noise model: unit (2) 

Factor 13:   keys = { x0 x1 e0 e1 l0 t0 }
  noise model: unit (2) 

Factor 14:   keys = { x0 x1 e0 e1 l0 t0 }
  noise model: unit (2) 

Factor 15:   keys = { x0 x1 e0 e1 l0 t0 }
  noise model: unit (2) 

Factor 16:   keys = { x0 x1 e0 e1 l0 t0 }
  noise model: unit (2) 

Factor 17:   keys = { x0 x1 e0 e1 l0 t0 }
  noise model: unit (2) 

Factor 18:   keys = { x0 x1 e0 e1 l0 t0 }
  noise model: unit (2) 

Factor 19:   keys = { x0 x1 e0 e1 l0 t0 }
  noise model: unit (2) 

Factor 20:   keys = { x0 x1 e0 e1 l0 t0 }
  noise model: unit (2) 

Factor 21:   keys = { e0 e1 l1 t0 }
  noise model: unit (2) 

Factor 22:   keys = { x0 x1 e0 e1 l1 t0 }
  noise model: unit (2) 

Factor 23:   keys = { x0 x1 e0 e1 l1 t0 }
  noise model: unit (2) 

Factor 24:   keys = { x0 x1 e0 e1 l1 t0 }
  noise model: unit (2) 

Factor 25:   keys = { x0 x1 e0 e1 l1 t0 }
  noise model: unit (2) 

Factor 26:   keys = { x0 x1 e0 e1 l1 t0 }
  noise model: unit (2) 

Factor 27:   keys = { x0 x1 e0 e1 l1 t0 }
  noise model: unit (2) 

Factor 28:   keys = { x0 x1 e0 e1 l1 t0 }
  noise model: unit (2) 

Factor 29:   keys = { x0 x1 e0 e1 l1 t0 }
  noise model: unit (2) 

Factor 30:   keys = { x0 x1 e0 e1 l1 t0 }
  noise model: unit (2) 

Factor 31:   keys = { x0 x1 e0 e1 l1 t0 }
  noise model: unit (2) 

Factor 32:   keys = { e0 e1 l2 t0 }
  noise model: unit (2) 

Factor 33:   keys = { x0 x1 e0 e1 l2 t0 }
  noise model: unit (2) 

Factor 34:   keys = { x0 x1 e0 e1 l2 t0 }
  noise model: unit (2) 

Factor 35:   keys = { x0 x1 e0 e1 l2 t0 }
  noise model: unit (2) 

Factor 36:   keys = { x0 x1 e0 e1 l2 t0 }
  noise model: unit (2) 

Factor 37:   keys = { x0 x1 e0 e1 l2 t0 }
  noise model: unit (2) 

Factor 38:   keys = { x0 x1 e0 e1 l2 t0 }
  noise model: unit (2) 

Factor 39:   keys = { x0 x1 e0 e1 l2 t0 }
  noise model: unit (2) 

Factor 40:   keys = { x0 x1 e0 e1 l2 t0 }
  noise model: unit (2) 

Factor 41:   keys = { x0 x1 e0 e1 l2 t0 }
  noise model: unit (2) 

Factor 42:   keys = { x0 x1 e0 e1 l2 t0 }
  noise model: unit (2) 

Factor 43:   keys = { e0 e1 l4 t0 }
  noise model: unit (2) 

Factor 44:   keys = { x0 x1 e0 e1 l4 t0 }
  noise model: unit (2) 

Factor 45:   keys = { x0 x1 e0 e1 l4 t0 }
  noise model: unit (2) 

Factor 46:   keys = { x0 x1 e0 e1 l4 t0 }
  noise model: unit (2) 

Factor 47:   keys = { x0 x1 e0 e1 l4 t0 }
  noise model: unit (2) 

Factor 48:   keys = { x0 x1 e0 e1 l4 t0 }
  noise model: unit (2) 

Factor 49:   keys = { x0 x1 e0 e1 l4 t0 }
  noise model: unit (2) 

Factor 50:   keys = { x0 x1 e0 e1 l4 t0 }
  noise model: unit (2) 

Factor 51:   keys = { x0 x1 e0 e1 l4 t0 }
  noise model: unit (2) 

Factor 52:   keys = { x0 x1 e0 e1 l4 t0 }
  noise model: unit (2) 

Factor 53:   keys = { x0 x1 e0 e1 l4 t0 }
  noise model: unit (2) 

Factor 54:   keys = { e0 e1 l5 t0 }
  noise model: unit (2) 

Factor 55:   keys = { x0 x1 e0 e1 l5 t0 }
  noise model: unit (2) 

Factor 56:   keys = { x0 x1 e0 e1 l5 t0 }
  noise model: unit (2) 

Factor 57:   keys = { x0 x1 e0 e1 l5 t0 }
  noise model: unit (2) 

Factor 58:   keys = { x0 x1 e0 e1 l5 t0 }
  noise model: unit (2) 

Factor 59:   keys = { x0 x1 e0 e1 l5 t0 }
  noise model: unit (2) 

Factor 60:   keys = { x0 x1 e0 e1 l5 t0 }
  noise model: unit (2) 

Factor 61:   keys = { x0 x1 e0 e1 l5 t0 }
  noise model: unit (2) 

Factor 62:   keys = { x0 x1 e0 e1 l5 t0 }
  noise model: unit (2) 

Factor 63:   keys = { x0 x1 e0 e1 l5 t0 }
  noise model: unit (2) 

Factor 64:   keys = { x0 x1 e0 e1 l5 t0 }
  noise model: unit (2) 

Factor 65:   keys = { e0 e1 l6 t0 }
  noise model: unit (2) 

Factor 66:   keys = { x0 x1 e0 e1 l6 t0 }
  noise model: unit (2) 

Factor 67:   keys = { x0 x1 e0 e1 l6 t0 }
  noise model: unit (2) 

Factor 68:   keys = { x0 x1 e0 e1 l6 t0 }
  noise model: unit (2) 

Factor 69:   keys = { x0 x1 e0 e1 l6 t0 }
  noise model: unit (2) 

Factor 70:   keys = { x0 x1 e0 e1 l6 t0 }
  noise model: unit (2) 

Factor 71:   keys = { x0 x1 e0 e1 l6 t0 }
  noise model: unit (2) 

Factor 72:   keys = { x0 x1 e0 e1 l6 t0 }
  noise model: unit (2) 

Factor 73:   keys = { x0 x1 e0 e1 l6 t0 }
  noise model: unit (2) 

Factor 74:   keys = { x0 x1 e0 e1 l6 t0 }
  noise model: unit (2) 

Factor 75:   keys = { x0 x1 e0 e1 l6 t0 }
  noise model: unit (2) 

Factor 76:   keys = { e0 e1 l7 t0 }
  noise model: unit (2) 

Factor 77:   keys = { x0 x1 e0 e1 l7 t0 }
  noise model: unit (2) 

Factor 78:   keys = { x0 x1 e0 e1 l7 t0 }
  noise model: unit (2) 

Factor 79:   keys = { x0 x1 e0 e1 l7 t0 }
  noise model: unit (2) 

Factor 80:   keys = { x0 x1 e0 e1 l7 t0 }
  noise model: unit (2) 

Factor 81:   keys = { x0 x1 e0 e1 l7 t0 }
  noise model: unit (2) 

Factor 82:   keys = { x0 x1 e0 e1 l7 t0 }
  noise model: unit (2) 

Factor 83:   keys = { x0 x1 e0 e1 l7 t0 }
  noise model: unit (2) 

Factor 84:   keys = { x0 x1 e0 e1 l7 t0 }
  noise model: unit (2) 

Factor 85:   keys = { x0 x1 e0 e1 l7 t0 }
  noise model: unit (2) 

Factor 86:   keys = { x0 x1 e0 e1 l7 t0 }
  noise model: unit (2) 

Factor 87:   keys = { e0 e1 l8 t0 }
  noise model: unit (2) 

Factor 88:   keys = { x0 x1 e0 e1 l8 t0 }
  noise model: unit (2) 

Factor 89:   keys = { x0 x1 e0 e1 l8 t0 }
  noise model: unit (2) 

Factor 90:   keys = { x0 x1 e0 e1 l8 t0 }
  noise model: unit (2) 

Factor 91:   keys = { x0 x1 e0 e1 l8 t0 }
  noise model: unit (2) 

Factor 92:   keys = { x0 x1 e0 e1 l8 t0 }
  noise model: unit (2) 

Factor 93:   keys = { x0 x1 e0 e1 l8 t0 }
  noise model: unit (2) 

Factor 94:   keys = { x0 x1 e0 e1 l8 t0 }
  noise model: unit (2) 

Factor 95:   keys = { x0 x1 e0 e1 l8 t0 }
  noise model: unit (2) 

Factor 96:   keys = { x0 x1 e0 e1 l8 t0 }
  noise model: unit (2) 

Factor 97:   keys = { x0 x1 e0 e1 l8 t0 }
  noise model: unit (2) 

Factor 98:   keys = { e0 e1 l9 t0 }
  noise model: unit (2) 

Factor 99:   keys = { x0 x1 e0 e1 l9 t0 }
  noise model: unit (2) 

Factor 100:   keys = { x0 x1 e0 e1 l9 t0 }
  noise model: unit (2) 

Factor 101:   keys = { x0 x1 e0 e1 l9 t0 }
  noise model: unit (2) 

Factor 102:   keys = { x0 x1 e0 e1 l9 t0 }
  noise model: unit (2) 

Factor 103:   keys = { x0 x1 e0 e1 l9 t0 }
  noise model: unit (2) 

Factor 104:   keys = { x0 x1 e0 e1 l9 t0 }
  noise model: unit (2) 

Factor 105:   keys = { x0 x1 e0 e1 l9 t0 }
  noise model: unit (2) 

Factor 106:   keys = { x0 x1 e0 e1 l9 t0 }
  noise model: unit (2) 

Factor 107:   keys = { x0 x1 e0 e1 l9 t0 }
  noise model: unit (2) 

Factor 108:   keys = { x0 x1 e0 e1 l9 t0 }
  noise model: unit (2) 

Factor 109:   keys = { e0 e1 l10 t0 }
  noise model: unit (2) 

Factor 110:   keys = { x0 x1 e0 e1 l10 t0 }
  noise model: unit (2) 

Factor 111:   keys = { x0 x1 e0 e1 l10 t0 }
  noise model: unit (2) 

Factor 112:   keys = { x0 x1 e0 e1 l10 t0 }
  noise model: unit (2) 

Factor 113:   keys = { x0 x1 e0 e1 l10 t0 }
  noise model: unit (2) 

Factor 114:   keys = { x0 x1 e0 e1 l10 t0 }
  noise model: unit (2) 

Factor 115:   keys = { x0 x1 e0 e1 l10 t0 }
  noise model: unit (2) 

Factor 116:   keys = { x0 x1 e0 e1 l10 t0 }
  noise model: unit (2) 

Factor 117:   keys = { x0 x1 e0 e1 l10 t0 }
  noise model: unit (2) 

Factor 118:   keys = { x0 x1 e0 e1 l10 t0 }
  noise model: unit (2) 

Factor 119:   keys = { x0 x1 e0 e1 l10 t0 }
  noise model: unit (2) 

Factor 120:   keys = { e0 e1 l11 t0 }
  noise model: unit (2) 

Factor 121:   keys = { x0 x1 e0 e1 l11 t0 }
  noise model: unit (2) 

Factor 122:   keys = { x0 x1 e0 e1 l11 t0 }
  noise model: unit (2) 

Factor 123:   keys = { x0 x1 e0 e1 l11 t0 }
  noise model: unit (2) 

Factor 124:   keys = { x0 x1 e0 e1 l11 t0 }
  noise model: unit (2) 

Factor 125:   keys = { x0 x1 e0 e1 l11 t0 }
  noise model: unit (2) 

Factor 126:   keys = { x0 x1 e0 e1 l11 t0 }
  noise model: unit (2) 

Factor 127:   keys = { x0 x1 e0 e1 l11 t0 }
  noise model: unit (2) 

Factor 128:   keys = { x0 x1 e0 e1 l11 t0 }
  noise model: unit (2) 

Factor 129:   keys = { x0 x1 e0 e1 l11 t0 }
  noise model: unit (2) 

Factor 130:   keys = { x0 x1 e0 e1 l11 t0 }
  noise model: unit (2) 

Factor 131:   keys = { e0 e1 l12 t0 }
  noise model: unit (2) 

Factor 132:   keys = { x0 x1 e0 e1 l12 t0 }
  noise model: unit (2) 

Factor 133:   keys = { x0 x1 e0 e1 l12 t0 }
  noise model: unit (2) 

Factor 134:   keys = { x0 x1 e0 e1 l12 t0 }
  noise model: unit (2) 

Factor 135:   keys = { x0 x1 e0 e1 l12 t0 }
  noise model: unit (2) 

Factor 136:   keys = { x0 x1 e0 e1 l12 t0 }
  noise model: unit (2) 

Factor 137:   keys = { x0 x1 e0 e1 l12 t0 }
  noise model: unit (2) 

Factor 138:   keys = { x0 x1 e0 e1 l12 t0 }
  noise model: unit (2) 

Factor 139:   keys = { x0 x1 e0 e1 l12 t0 }
  noise model: unit (2) 

Factor 140:   keys = { x0 x1 e0 e1 l12 t0 }
  noise model: unit (2) 

Factor 141:   keys = { x0 x1 e0 e1 l12 t0 }
  noise model: unit (2) 

Factor 142:   keys = { e0 e1 l13 t0 }
  noise model: unit (2) 

Factor 143:   keys = { x0 x1 e0 e1 l13 t0 }
  noise model: unit (2) 

Factor 144:   keys = { x0 x1 e0 e1 l13 t0 }
  noise model: unit (2) 

Factor 145:   keys = { x0 x1 e0 e1 l13 t0 }
  noise model: unit (2) 

Factor 146:   keys = { x0 x1 e0 e1 l13 t0 }
  noise model: unit (2) 

Factor 147:   keys = { x0 x1 e0 e1 l13 t0 }
  noise model: unit (2) 

Factor 148:   keys = { x0 x1 e0 e1 l13 t0 }
  noise model: unit (2) 

Factor 149:   keys = { x0 x1 e0 e1 l13 t0 }
  noise model: unit (2) 

Factor 150:   keys = { x0 x1 e0 e1 l13 t0 }
  noise model: unit (2) 

Factor 151:   keys = { x0 x1 e0 e1 l13 t0 }
  noise model: unit (2) 

Factor 152:   keys = { x0 x1 e0 e1 l13 t0 }
  noise model: unit (2) 

Factor 153:   keys = { e0 e1 l14 t0 }
  noise model: unit (2) 

Factor 154:   keys = { x0 x1 e0 e1 l14 t0 }
  noise model: unit (2) 

Factor 155:   keys = { x0 x1 e0 e1 l14 t0 }
  noise model: unit (2) 

Factor 156:   keys = { x0 x1 e0 e1 l14 t0 }
  noise model: unit (2) 

Factor 157:   keys = { x0 x1 e0 e1 l14 t0 }
  noise model: unit (2) 

Factor 158:   keys = { x0 x1 e0 e1 l14 t0 }
  noise model: unit (2) 

Factor 159:   keys = { x0 x1 e0 e1 l14 t0 }
  noise model: unit (2) 

Factor 160:   keys = { x0 x1 e0 e1 l14 t0 }
  noise model: unit (2) 

Factor 161:   keys = { x0 x1 e0 e1 l14 t0 }
  noise model: unit (2) 

Factor 162:   keys = { x0 x1 e0 e1 l14 t0 }
  noise model: unit (2) 

Factor 163:   keys = { x0 x1 e0 e1 l14 t0 }
  noise model: unit (2) 

Factor 164:   keys = { e0 e1 l15 t0 }
  noise model: unit (2) 

Factor 165:   keys = { x0 x1 e0 e1 l15 t0 }
  noise model: unit (2) 

Factor 166:   keys = { x0 x1 e0 e1 l15 t0 }
  noise model: unit (2) 

Factor 167:   keys = { x0 x1 e0 e1 l15 t0 }
  noise model: unit (2) 

Factor 168:   keys = { x0 x1 e0 e1 l15 t0 }
  noise model: unit (2) 

Factor 169:   keys = { x0 x1 e0 e1 l15 t0 }
  noise model: unit (2) 

Factor 170:   keys = { x0 x1 e0 e1 l15 t0 }
  noise model: unit (2) 

Factor 171:   keys = { x0 x1 e0 e1 l15 t0 }
  noise model: unit (2) 

Factor 172:   keys = { x0 x1 e0 e1 l15 t0 }
  noise model: unit (2) 

Factor 173:   keys = { x0 x1 e0 e1 l15 t0 }
  noise model: unit (2) 

Factor 174:   keys = { x0 x1 e0 e1 l15 t0 }
  noise model: unit (2) 

Factor 175:   keys = { e0 e1 l16 t0 }
  noise model: unit (2) 

Factor 176:   keys = { x0 x1 e0 e1 l16 t0 }
  noise model: unit (2) 

Factor 177:   keys = { x0 x1 e0 e1 l16 t0 }
  noise model: unit (2) 

Factor 178:   keys = { x0 x1 e0 e1 l16 t0 }
  noise model: unit (2) 

Factor 179:   keys = { x0 x1 e0 e1 l16 t0 }
  noise model: unit (2) 

Factor 180:   keys = { x0 x1 e0 e1 l16 t0 }
  noise model: unit (2) 

Factor 181:   keys = { x0 x1 e0 e1 l16 t0 }
  noise model: unit (2) 

Factor 182:   keys = { x0 x1 e0 e1 l16 t0 }
  noise model: unit (2) 

Factor 183:   keys = { x0 x1 e0 e1 l16 t0 }
  noise model: unit (2) 

Factor 184:   keys = { x0 x1 e0 e1 l16 t0 }
  noise model: unit (2) 

Factor 185:   keys = { x0 x1 e0 e1 l16 t0 }
  noise model: unit (2) 

Factor 186:   keys = { e0 e1 l17 t0 }
  noise model: unit (2) 

Factor 187:   keys = { x0 x1 e0 e1 l17 t0 }
  noise model: unit (2) 

Factor 188:   keys = { x0 x1 e0 e1 l17 t0 }
  noise model: unit (2) 

Factor 189:   keys = { x0 x1 e0 e1 l17 t0 }
  noise model: unit (2) 

Factor 190:   keys = { x0 x1 e0 e1 l17 t0 }
  noise model: unit (2) 

Factor 191:   keys = { x0 x1 e0 e1 l17 t0 }
  noise model: unit (2) 

Factor 192:   keys = { x0 x1 e0 e1 l17 t0 }
  noise model: unit (2) 

Factor 193:   keys = { x0 x1 e0 e1 l17 t0 }
  noise model: unit (2) 

Factor 194:   keys = { x0 x1 e0 e1 l17 t0 }
  noise model: unit (2) 

Factor 195:   keys = { x0 x1 e0 e1 l17 t0 }
  noise model: unit (2) 

Factor 196:   keys = { x0 x1 e0 e1 l17 t0 }
  noise model: unit (2) 

Factor 197:   keys = { e0 e1 l18 t0 }
  noise model: unit (2) 

Factor 198:   keys = { x0 x1 e0 e1 l18 t0 }
  noise model: unit (2) 

Factor 199:   keys = { x0 x1 e0 e1 l18 t0 }
  noise model: unit (2) 

Factor 200:   keys = { x0 x1 e0 e1 l18 t0 }
  noise model: unit (2) 

Factor 201:   keys = { x0 x1 e0 e1 l18 t0 }
  noise model: unit (2) 

Factor 202:   keys = { x0 x1 e0 e1 l18 t0 }
  noise model: unit (2) 

Factor 203:   keys = { x0 x1 e0 e1 l18 t0 }
  noise model: unit (2) 

Factor 204:   keys = { x0 x1 e0 e1 l18 t0 }
  noise model: unit (2) 

Factor 205:   keys = { x0 x1 e0 e1 l18 t0 }
  noise model: unit (2) 

Factor 206:   keys = { x0 x1 e0 e1 l18 t0 }
  noise model: unit (2) 

Factor 207:   keys = { x0 x1 e0 e1 l18 t0 }
  noise model: unit (2) 

Factor 208:   keys = { e0 e1 l19 t0 }
  noise model: unit (2) 

Factor 209:   keys = { x0 x1 e0 e1 l19 t0 }
  noise model: unit (2) 

Factor 210:   keys = { x0 x1 e0 e1 l19 t0 }
  noise model: unit (2) 

Factor 211:   keys = { x0 x1 e0 e1 l19 t0 }
  noise model: unit (2) 

Factor 212:   keys = { x0 x1 e0 e1 l19 t0 }
  noise model: unit (2) 

Factor 213:   keys = { x0 x1 e0 e1 l19 t0 }
  noise model: unit (2) 

Factor 214:   keys = { x0 x1 e0 e1 l19 t0 }
  noise model: unit (2) 

Factor 215:   keys = { x0 x1 e0 e1 l19 t0 }
  noise model: unit (2) 

Factor 216:   keys = { x0 x1 e0 e1 l19 t0 }
  noise model: unit (2) 

Factor 217:   keys = { x0 x1 e0 e1 l19 t0 }
  noise model: unit (2) 

Factor 218:   keys = { x0 x1 e0 e1 l19 t0 }
  noise model: unit (2) 

Factor 219:   keys = { e0 e1 l20 t0 }
  noise model: unit (2) 

Factor 220:   keys = { x0 x1 e0 e1 l20 t0 }
  noise model: unit (2) 

Factor 221:   keys = { x0 x1 e0 e1 l20 t0 }
  noise model: unit (2) 

Factor 222:   keys = { x0 x1 e0 e1 l20 t0 }
  noise model: unit (2) 

Factor 223:   keys = { x0 x1 e0 e1 l20 t0 }
  noise model: unit (2) 

Factor 224:   keys = { x0 x1 e0 e1 l20 t0 }
  noise model: unit (2) 

Factor 225:   keys = { x0 x1 e0 e1 l20 t0 }
  noise model: unit (2) 

Factor 226:   keys = { x0 x1 e0 e1 l20 t0 }
  noise model: unit (2) 

Factor 227:   keys = { x0 x1 e0 e1 l20 t0 }
  noise model: unit (2) 

Factor 228:   keys = { x0 x1 e0 e1 l20 t0 }
  noise model: unit (2) 

Factor 229:   keys = { x0 x1 e0 e1 l20 t0 }
  noise model: unit (2) 

Factor 230:   keys = { e0 e1 l21 t0 }
  noise model: unit (2) 

Factor 231:   keys = { x0 x1 e0 e1 l21 t0 }
  noise model: unit (2) 

Factor 232:   keys = { x0 x1 e0 e1 l21 t0 }
  noise model: unit (2) 

Factor 233:   keys = { x0 x1 e0 e1 l21 t0 }
  noise model: unit (2) 

Factor 234:   keys = { x0 x1 e0 e1 l21 t0 }
  noise model: unit (2) 

Factor 235:   keys = { x0 x1 e0 e1 l21 t0 }
  noise model: unit (2) 

Factor 236:   keys = { x0 x1 e0 e1 l21 t0 }
  noise model: unit (2) 

Factor 237:   keys = { x0 x1 e0 e1 l21 t0 }
  noise model: unit (2) 

Factor 238:   keys = { x0 x1 e0 e1 l21 t0 }
  noise model: unit (2) 

Factor 239:   keys = { x0 x1 e0 e1 l21 t0 }
  noise model: unit (2) 

Factor 240:   keys = { x0 x1 e0 e1 l21 t0 }
  noise model: unit (2) 

Factor 241:   keys = { e0 e1 l22 t0 }
  noise model: unit (2) 

Factor 242:   keys = { x0 x1 e0 e1 l22 t0 }
  noise model: unit (2) 

Factor 243:   keys = { x0 x1 e0 e1 l22 t0 }
  noise model: unit (2) 

Factor 244:   keys = { x0 x1 e0 e1 l22 t0 }
  noise model: unit (2) 

Factor 245:   keys = { x0 x1 e0 e1 l22 t0 }
  noise model: unit (2) 

Factor 246:   keys = { x0 x1 e0 e1 l22 t0 }
  noise model: unit (2) 

Factor 247:   keys = { x0 x1 e0 e1 l22 t0 }
  noise model: unit (2) 

Factor 248:   keys = { x0 x1 e0 e1 l22 t0 }
  noise model: unit (2) 

Factor 249:   keys = { x0 x1 e0 e1 l22 t0 }
  noise model: unit (2) 

Factor 250:   keys = { x0 x1 e0 e1 l22 t0 }
  noise model: unit (2) 

Factor 251:   keys = { x0 x1 e0 e1 l22 t0 }
  noise model: unit (2) 

Factor 252:   keys = { e0 e1 l23 t0 }
  noise model: unit (2) 

Factor 253:   keys = { x0 x1 e0 e1 l23 t0 }
  noise model: unit (2) 

Factor 254:   keys = { x0 x1 e0 e1 l23 t0 }
  noise model: unit (2) 

Factor 255:   keys = { x0 x1 e0 e1 l23 t0 }
  noise model: unit (2) 

Factor 256:   keys = { x0 x1 e0 e1 l23 t0 }
  noise model: unit (2) 

Factor 257:   keys = { x0 x1 e0 e1 l23 t0 }
  noise model: unit (2) 

Factor 258:   keys = { x0 x1 e0 e1 l23 t0 }
  noise model: unit (2) 

Factor 259:   keys = { x0 x1 e0 e1 l23 t0 }
  noise model: unit (2) 

Factor 260:   keys = { x0 x1 e0 e1 l23 t0 }
  noise model: unit (2) 

Factor 261:   keys = { x0 x1 e0 e1 l23 t0 }
  noise model: unit (2) 

Factor 262:   keys = { x0 x1 e0 e1 l23 t0 }
  noise model: unit (2) 

Factor 263:   keys = { e0 e1 l24 t0 }
  noise model: unit (2) 

Factor 264:   keys = { x0 x1 e0 e1 l24 t0 }
  noise model: unit (2) 

Factor 265:   keys = { x0 x1 e0 e1 l24 t0 }
  noise model: unit (2) 

Factor 266:   keys = { x0 x1 e0 e1 l24 t0 }
  noise model: unit (2) 

Factor 267:   keys = { x0 x1 e0 e1 l24 t0 }
  noise model: unit (2) 

Factor 268:   keys = { x0 x1 e0 e1 l24 t0 }
  noise model: unit (2) 

Factor 269:   keys = { x0 x1 e0 e1 l24 t0 }
  noise model: unit (2) 

Factor 270:   keys = { x0 x1 e0 e1 l24 t0 }
  noise model: unit (2) 

Factor 271:   keys = { x0 x1 e0 e1 l24 t0 }
  noise model: unit (2) 

Factor 272:   keys = { x0 x1 e0 e1 l24 t0 }
  noise model: unit (2) 

Factor 273:   keys = { x0 x1 e0 e1 l24 t0 }
  noise model: unit (2) 

Factor 274:   keys = { e0 e1 l25 t0 }
  noise model: unit (2) 

Factor 275:   keys = { x0 x1 e0 e1 l25 t0 }
  noise model: unit (2) 

Factor 276:   keys = { x0 x1 e0 e1 l25 t0 }
  noise model: unit (2) 

Factor 277:   keys = { x0 x1 e0 e1 l25 t0 }
  noise model: unit (2) 

Factor 278:   keys = { x0 x1 e0 e1 l25 t0 }
  noise model: unit (2) 

Factor 279:   keys = { x0 x1 e0 e1 l25 t0 }
  noise model: unit (2) 

Factor 280:   keys = { x0 x1 e0 e1 l25 t0 }
  noise model: unit (2) 

Factor 281:   keys = { x0 x1 e0 e1 l25 t0 }
  noise model: unit (2) 

Factor 282:   keys = { x0 x1 e0 e1 l25 t0 }
  noise model: unit (2) 

Factor 283:   keys = { x0 x1 e0 e1 l25 t0 }
  noise model: unit (2) 

Factor 284:   keys = { x0 x1 e0 e1 l25 t0 }
  noise model: unit (2) 

Factor 285:   keys = { e0 e1 l26 t0 }
  noise model: unit (2) 

Factor 286:   keys = { x0 x1 e0 e1 l26 t0 }
  noise model: unit (2) 

Factor 287:   keys = { x0 x1 e0 e1 l26 t0 }
  noise model: unit (2) 

Factor 288:   keys = { x0 x1 e0 e1 l26 t0 }
  noise model: unit (2) 

Factor 289:   keys = { x0 x1 e0 e1 l26 t0 }
  noise model: unit (2) 

Factor 290:   keys = { x0 x1 e0 e1 l26 t0 }
  noise model: unit (2) 

Factor 291:   keys = { x0 x1 e0 e1 l26 t0 }
  noise model: unit (2) 

Factor 292:   keys = { x0 x1 e0 e1 l26 t0 }
  noise model: unit (2) 

Factor 293:   keys = { x0 x1 e0 e1 l26 t0 }
  noise model: unit (2) 

Factor 294:   keys = { x0 x1 e0 e1 l26 t0 }
  noise model: unit (2) 

Factor 295:   keys = { x0 x1 e0 e1 l26 t0 }
  noise model: unit (2) 

Factor 296:   keys = { e0 e1 l27 t0 }
  noise model: unit (2) 

Factor 297:   keys = { x0 x1 e0 e1 l27 t0 }
  noise model: unit (2) 

Factor 298:   keys = { x0 x1 e0 e1 l27 t0 }
  noise model: unit (2) 

Factor 299:   keys = { x0 x1 e0 e1 l27 t0 }
  noise model: unit (2) 

Factor 300:   keys = { x0 x1 e0 e1 l27 t0 }
  noise model: unit (2) 

Factor 301:   keys = { x0 x1 e0 e1 l27 t0 }
  noise model: unit (2) 

Factor 302:   keys = { x0 x1 e0 e1 l27 t0 }
  noise model: unit (2) 

Factor 303:   keys = { x0 x1 e0 e1 l27 t0 }
  noise model: unit (2) 

Factor 304:   keys = { x0 x1 e0 e1 l27 t0 }
  noise model: unit (2) 

Factor 305:   keys = { x0 x1 e0 e1 l27 t0 }
  noise model: unit (2) 

Factor 306:   keys = { x0 x1 e0 e1 l27 t0 }
  noise model: unit (2) 

Factor 307:   keys = { e0 e1 l28 t0 }
  noise model: unit (2) 

Factor 308:   keys = { x0 x1 e0 e1 l28 t0 }
  noise model: unit (2) 

Factor 309:   keys = { x0 x1 e0 e1 l28 t0 }
  noise model: unit (2) 

Factor 310:   keys = { x0 x1 e0 e1 l28 t0 }
  noise model: unit (2) 

Factor 311:   keys = { x0 x1 e0 e1 l28 t0 }
  noise model: unit (2) 

Factor 312:   keys = { x0 x1 e0 e1 l28 t0 }
  noise model: unit (2) 

Factor 313:   keys = { x0 x1 e0 e1 l28 t0 }
  noise model: unit (2) 

Factor 314:   keys = { x0 x1 e0 e1 l28 t0 }
  noise model: unit (2) 

Factor 315:   keys = { x0 x1 e0 e1 l28 t0 }
  noise model: unit (2) 

Factor 316:   keys = { x0 x1 e0 e1 l28 t0 }
  noise model: unit (2) 

Factor 317:   keys = { x0 x1 e0 e1 l28 t0 }
  noise model: unit (2) 

Factor 318:   keys = { e0 e1 l29 t0 }
  noise model: unit (2) 

Factor 319:   keys = { x0 x1 e0 e1 l29 t0 }
  noise model: unit (2) 

Factor 320:   keys = { x0 x1 e0 e1 l29 t0 }
  noise model: unit (2) 

Factor 321:   keys = { x0 x1 e0 e1 l29 t0 }
  noise model: unit (2) 

Factor 322:   keys = { x0 x1 e0 e1 l29 t0 }
  noise model: unit (2) 

Factor 323:   keys = { x0 x1 e0 e1 l29 t0 }
  noise model: unit (2) 

Factor 324:   keys = { x0 x1 e0 e1 l29 t0 }
  noise model: unit (2) 

Factor 325:   keys = { x0 x1 e0 e1 l29 t0 }
  noise model: unit (2) 

Factor 326:   keys = { x0 x1 e0 e1 l29 t0 }
  noise model: unit (2) 

Factor 327:   keys = { x0 x1 e0 e1 l29 t0 }
  noise model: unit (2) 

Factor 328:   keys = { x0 x1 e0 e1 l29 t0 }
  noise model: unit (2) 

Factor 329:   keys = { e0 e1 l30 t0 }
  noise model: unit (2) 

Factor 330:   keys = { x0 x1 e0 e1 l30 t0 }
  noise model: unit (2) 

Factor 331:   keys = { x0 x1 e0 e1 l30 t0 }
  noise model: unit (2) 

Factor 332:   keys = { x0 x1 e0 e1 l30 t0 }
  noise model: unit (2) 

Factor 333:   keys = { x0 x1 e0 e1 l30 t0 }
  noise model: unit (2) 

Factor 334:   keys = { x0 x1 e0 e1 l30 t0 }
  noise model: unit (2) 

Factor 335:   keys = { x0 x1 e0 e1 l30 t0 }
  noise model: unit (2) 

Factor 336:   keys = { x0 x1 e0 e1 l30 t0 }
  noise model: unit (2) 

Factor 337:   keys = { x0 x1 e0 e1 l30 t0 }
  noise model: unit (2) 

Factor 338:   keys = { x0 x1 e0 e1 l30 t0 }
  noise model: unit (2) 

Factor 339:   keys = { x0 x1 e0 e1 l30 t0 }
  noise model: unit (2) 

Factor 340:   keys = { e0 e1 l31 t0 }
  noise model: unit (2) 

Factor 341:   keys = { x0 x1 e0 e1 l31 t0 }
  noise model: unit (2) 

Factor 342:   keys = { x0 x1 e0 e1 l31 t0 }
  noise model: unit (2) 

Factor 343:   keys = { x0 x1 e0 e1 l31 t0 }
  noise model: unit (2) 

Factor 344:   keys = { x0 x1 e0 e1 l31 t0 }
  noise model: unit (2) 

Factor 345:   keys = { x0 x1 e0 e1 l31 t0 }
  noise model: unit (2) 

Factor 346:   keys = { x0 x1 e0 e1 l31 t0 }
  noise model: unit (2) 

Factor 347:   keys = { x0 x1 e0 e1 l31 t0 }
  noise model: unit (2) 

Factor 348:   keys = { x0 x1 e0 e1 l31 t0 }
  noise model: unit (2) 

Factor 349:   keys = { x0 x1 e0 e1 l31 t0 }
  noise model: unit (2) 

Factor 350:   keys = { x0 x1 e0 e1 l31 t0 }
  noise model: unit (2) 

Factor 351:   keys = { e0 e1 l32 t0 }
  noise model: unit (2) 

Factor 352:   keys = { x0 x1 e0 e1 l32 t0 }
  noise model: unit (2) 

Factor 353:   keys = { x0 x1 e0 e1 l32 t0 }
  noise model: unit (2) 

Factor 354:   keys = { x0 x1 e0 e1 l32 t0 }
  noise model: unit (2) 

Factor 355:   keys = { x0 x1 e0 e1 l32 t0 }
  noise model: unit (2) 

Factor 356:   keys = { x0 x1 e0 e1 l32 t0 }
  noise model: unit (2) 

Factor 357:   keys = { x0 x1 e0 e1 l32 t0 }
  noise model: unit (2) 

Factor 358:   keys = { x0 x1 e0 e1 l32 t0 }
  noise model: unit (2) 

Factor 359:   keys = { x0 x1 e0 e1 l32 t0 }
  noise model: unit (2) 

Factor 360:   keys = { x0 x1 e0 e1 l32 t0 }
  noise model: unit (2) 

Factor 361:   keys = { x0 x1 e0 e1 l32 t0 }
  noise model: unit (2) 

Factor 362:   keys = { e0 e1 l33 t0 }
  noise model: unit (2) 

Factor 363:   keys = { x0 x1 e0 e1 l33 t0 }
  noise model: unit (2) 

Factor 364:   keys = { x0 x1 e0 e1 l33 t0 }
  noise model: unit (2) 

Factor 365:   keys = { x0 x1 e0 e1 l33 t0 }
  noise model: unit (2) 

Factor 366:   keys = { x0 x1 e0 e1 l33 t0 }
  noise model: unit (2) 

Factor 367:   keys = { x0 x1 e0 e1 l33 t0 }
  noise model: unit (2) 

Factor 368:   keys = { x0 x1 e0 e1 l33 t0 }
  noise model: unit (2) 

Factor 369:   keys = { x0 x1 e0 e1 l33 t0 }
  noise model: unit (2) 

Factor 370:   keys = { x0 x1 e0 e1 l33 t0 }
  noise model: unit (2) 

Factor 371:   keys = { x0 x1 e0 e1 l33 t0 }
  noise model: unit (2) 

Factor 372:   keys = { x0 x1 e0 e1 l33 t0 }
  noise model: unit (2) 

Factor 373:   keys = { e0 e1 l34 t0 }
  noise model: unit (2) 

Factor 374:   keys = { x0 x1 e0 e1 l34 t0 }
  noise model: unit (2) 

Factor 375:   keys = { x0 x1 e0 e1 l34 t0 }
  noise model: unit (2) 

Factor 376:   keys = { x0 x1 e0 e1 l34 t0 }
  noise model: unit (2) 

Factor 377:   keys = { x0 x1 e0 e1 l34 t0 }
  noise model: unit (2) 

Factor 378:   keys = { x0 x1 e0 e1 l34 t0 }
  noise model: unit (2) 

Factor 379:   keys = { x0 x1 e0 e1 l34 t0 }
  noise model: unit (2) 

Factor 380:   keys = { x0 x1 e0 e1 l34 t0 }
  noise model: unit (2) 

Factor 381:   keys = { x0 x1 e0 e1 l34 t0 }
  noise model: unit (2) 

Factor 382:   keys = { x0 x1 e0 e1 l34 t0 }
  noise model: unit (2) 

Factor 383:   keys = { x0 x1 e0 e1 l34 t0 }
  noise model: unit (2) 

Factor 384:   keys = { e0 e1 l35 t0 }
  noise model: unit (2) 

Factor 385:   keys = { x0 x1 e0 e1 l35 t0 }
  noise model: unit (2) 

Factor 386:   keys = { x0 x1 e0 e1 l35 t0 }
  noise model: unit (2) 

Factor 387:   keys = { x0 x1 e0 e1 l35 t0 }
  noise model: unit (2) 

Factor 388:   keys = { x0 x1 e0 e1 l35 t0 }
  noise model: unit (2) 

Factor 389:   keys = { x0 x1 e0 e1 l35 t0 }
  noise model: unit (2) 

Factor 390:   keys = { x0 x1 e0 e1 l35 t0 }
  noise model: unit (2) 

Factor 391:   keys = { x0 x1 e0 e1 l35 t0 }
  noise model: unit (2) 

Factor 392:   keys = { x0 x1 e0 e1 l35 t0 }
  noise model: unit (2) 

Factor 393:   keys = { x0 x1 e0 e1 l35 t0 }
  noise model: unit (2) 

Factor 394:   keys = { x0 x1 e0 e1 l35 t0 }
  noise model: unit (2) 

Factor 395:   keys = { e0 e1 l36 t0 }
  noise model: unit (2) 

Factor 396:   keys = { x0 x1 e0 e1 l36 t0 }
  noise model: unit (2) 

Factor 397:   keys = { x0 x1 e0 e1 l36 t0 }
  noise model: unit (2) 

Factor 398:   keys = { x0 x1 e0 e1 l36 t0 }
  noise model: unit (2) 

Factor 399:   keys = { x0 x1 e0 e1 l36 t0 }
  noise model: unit (2) 

Factor 400:   keys = { x0 x1 e0 e1 l36 t0 }
  noise model: unit (2) 

Factor 401:   keys = { x0 x1 e0 e1 l36 t0 }
  noise model: unit (2) 

Factor 402:   keys = { x0 x1 e0 e1 l36 t0 }
  noise model: unit (2) 

Factor 403:   keys = { x0 x1 e0 e1 l36 t0 }
  noise model: unit (2) 

Factor 404:   keys = { x0 x1 e0 e1 l36 t0 }
  noise model: unit (2) 

Factor 405:   keys = { x0 x1 e0 e1 l36 t0 }
  noise model: unit (2) 

Factor 406:   keys = { e0 e1 l37 t0 }
  noise model: unit (2) 

Factor 407:   keys = { x0 x1 e0 e1 l37 t0 }
  noise model: unit (2) 

Factor 408:   keys = { x0 x1 e0 e1 l37 t0 }
  noise model: unit (2) 

Factor 409:   keys = { x0 x1 e0 e1 l37 t0 }
  noise model: unit (2) 

Factor 410:   keys = { x0 x1 e0 e1 l37 t0 }
  noise model: unit (2) 

Factor 411:   keys = { x0 x1 e0 e1 l37 t0 }
  noise model: unit (2) 

Factor 412:   keys = { x0 x1 e0 e1 l37 t0 }
  noise model: unit (2) 

Factor 413:   keys = { x0 x1 e0 e1 l37 t0 }
  noise model: unit (2) 

Factor 414:   keys = { x0 x1 e0 e1 l37 t0 }
  noise model: unit (2) 

Factor 415:   keys = { x0 x1 e0 e1 l37 t0 }
  noise model: unit (2) 

Factor 416:   keys = { x0 x1 e0 e1 l37 t0 }
  noise model: unit (2) 

Factor 417:   keys = { e0 e1 l38 t0 }
  noise model: unit (2) 

Factor 418:   keys = { x0 x1 e0 e1 l38 t0 }
  noise model: unit (2) 

Factor 419:   keys = { x0 x1 e0 e1 l38 t0 }
  noise model: unit (2) 

Factor 420:   keys = { x0 x1 e0 e1 l38 t0 }
  noise model: unit (2) 

Factor 421:   keys = { x0 x1 e0 e1 l38 t0 }
  noise model: unit (2) 

Factor 422:   keys = { x0 x1 e0 e1 l38 t0 }
  noise model: unit (2) 

Factor 423:   keys = { x0 x1 e0 e1 l38 t0 }
  noise model: unit (2) 

Factor 424:   keys = { x0 x1 e0 e1 l38 t0 }
  noise model: unit (2) 

Factor 425:   keys = { x0 x1 e0 e1 l38 t0 }
  noise model: unit (2) 

Factor 426:   keys = { x0 x1 e0 e1 l38 t0 }
  noise model: unit (2) 

Factor 427:   keys = { x0 x1 e0 e1 l38 t0 }
  noise model: unit (2) 

Factor 428:   keys = { e0 e1 l39 t0 }
  noise model: unit (2) 

Factor 429:   keys = { x0 x1 e0 e1 l39 t0 }
  noise model: unit (2) 

Factor 430:   keys = { x0 x1 e0 e1 l39 t0 }
  noise model: unit (2) 

Factor 431:   keys = { x0 x1 e0 e1 l39 t0 }
  noise model: unit (2) 

Factor 432:   keys = { x0 x1 e0 e1 l39 t0 }
  noise model: unit (2) 

Factor 433:   keys = { x0 x1 e0 e1 l39 t0 }
  noise model: unit (2) 

Factor 434:   keys = { x0 x1 e0 e1 l39 t0 }
  noise model: unit (2) 

Factor 435:   keys = { x0 x1 e0 e1 l39 t0 }
  noise model: unit (2) 

Factor 436:   keys = { x0 x1 e0 e1 l39 t0 }
  noise model: unit (2) 

Factor 437:   keys = { x0 x1 e0 e1 l39 t0 }
  noise model: unit (2) 

Factor 438:   keys = { x0 x1 e0 e1 l39 t0 }
  noise model: unit (2) 

Factor 439:   keys = { e0 e1 l40 t0 }
  noise model: unit (2) 

Factor 440:   keys = { x0 x1 e0 e1 l40 t0 }
  noise model: unit (2) 

Factor 441:   keys = { x0 x1 e0 e1 l40 t0 }
  noise model: unit (2) 

Factor 442:   keys = { x0 x1 e0 e1 l40 t0 }
  noise model: unit (2) 

Factor 443:   keys = { x0 x1 e0 e1 l40 t0 }
  noise model: unit (2) 

Factor 444:   keys = { x0 x1 e0 e1 l40 t0 }
  noise model: unit (2) 

Factor 445:   keys = { x0 x1 e0 e1 l40 t0 }
  noise model: unit (2) 

Factor 446:   keys = { x0 x1 e0 e1 l40 t0 }
  noise model: unit (2) 

Factor 447:   keys = { x0 x1 e0 e1 l40 t0 }
  noise model: unit (2) 

Factor 448:   keys = { x0 x1 e0 e1 l40 t0 }
  noise model: unit (2) 

Factor 449:   keys = { x0 x1 e0 e1 l40 t0 }
  noise model: unit (2) 

Factor 450:   keys = { e0 e1 l41 t0 }
  noise model: unit (2) 

Factor 451:   keys = { x0 x1 e0 e1 l41 t0 }
  noise model: unit (2) 

Factor 452:   keys = { x0 x1 e0 e1 l41 t0 }
  noise model: unit (2) 

Factor 453:   keys = { x0 x1 e0 e1 l41 t0 }
  noise model: unit (2) 

Factor 454:   keys = { x0 x1 e0 e1 l41 t0 }
  noise model: unit (2) 

Factor 455:   keys = { x0 x1 e0 e1 l41 t0 }
  noise model: unit (2) 

Factor 456:   keys = { x0 x1 e0 e1 l41 t0 }
  noise model: unit (2) 

Factor 457:   keys = { x0 x1 e0 e1 l41 t0 }
  noise model: unit (2) 

Factor 458:   keys = { x0 x1 e0 e1 l41 t0 }
  noise model: unit (2) 

Factor 459:   keys = { x0 x1 e0 e1 l41 t0 }
  noise model: unit (2) 

Factor 460:   keys = { x0 x1 e0 e1 l41 t0 }
  noise model: unit (2) 

Factor 461:   keys = { e0 e1 l42 t0 }
  noise model: unit (2) 

Factor 462:   keys = { x0 x1 e0 e1 l42 t0 }
  noise model: unit (2) 

Factor 463:   keys = { x0 x1 e0 e1 l42 t0 }
  noise model: unit (2) 

Factor 464:   keys = { x0 x1 e0 e1 l42 t0 }
  noise model: unit (2) 

Factor 465:   keys = { x0 x1 e0 e1 l42 t0 }
  noise model: unit (2) 

Factor 466:   keys = { x0 x1 e0 e1 l42 t0 }
  noise model: unit (2) 

Factor 467:   keys = { x0 x1 e0 e1 l42 t0 }
  noise model: unit (2) 

Factor 468:   keys = { x0 x1 e0 e1 l42 t0 }
  noise model: unit (2) 

Factor 469:   keys = { x0 x1 e0 e1 l42 t0 }
  noise model: unit (2) 

Factor 470:   keys = { x0 x1 e0 e1 l42 t0 }
  noise model: unit (2) 

Factor 471:   keys = { x0 x1 e0 e1 l42 t0 }
  noise model: unit (2) 

Factor 472:   keys = { e0 e1 l43 t0 }
  noise model: unit (2) 

Factor 473:   keys = { x0 x1 e0 e1 l43 t0 }
  noise model: unit (2) 

Factor 474:   keys = { x0 x1 e0 e1 l43 t0 }
  noise model: unit (2) 

Factor 475:   keys = { x0 x1 e0 e1 l43 t0 }
  noise model: unit (2) 

Factor 476:   keys = { x0 x1 e0 e1 l43 t0 }
  noise model: unit (2) 

Factor 477:   keys = { x0 x1 e0 e1 l43 t0 }
  noise model: unit (2) 

Factor 478:   keys = { x0 x1 e0 e1 l43 t0 }
  noise model: unit (2) 

Factor 479:   keys = { x0 x1 e0 e1 l43 t0 }
  noise model: unit (2) 

Factor 480:   keys = { x0 x1 e0 e1 l43 t0 }
  noise model: unit (2) 

Factor 481:   keys = { x0 x1 e0 e1 l43 t0 }
  noise model: unit (2) 

Factor 482:   keys = { x0 x1 e0 e1 l43 t0 }
  noise model: unit (2) 

Factor 483:   keys = { e0 e1 l44 t0 }
  noise model: unit (2) 

Factor 484:   keys = { x0 x1 e0 e1 l44 t0 }
  noise model: unit (2) 

Factor 485:   keys = { x0 x1 e0 e1 l44 t0 }
  noise model: unit (2) 

Factor 486:   keys = { x0 x1 e0 e1 l44 t0 }
  noise model: unit (2) 

Factor 487:   keys = { x0 x1 e0 e1 l44 t0 }
  noise model: unit (2) 

Factor 488:   keys = { x0 x1 e0 e1 l44 t0 }
  noise model: unit (2) 

Factor 489:   keys = { x0 x1 e0 e1 l44 t0 }
  noise model: unit (2) 

Factor 490:   keys = { x0 x1 e0 e1 l44 t0 }
  noise model: unit (2) 

Factor 491:   keys = { x0 x1 e0 e1 l44 t0 }
  noise model: unit (2) 

Factor 492:   keys = { x0 x1 e0 e1 l44 t0 }
  noise model: unit (2) 

Factor 493:   keys = { x0 x1 e0 e1 l44 t0 }
  noise model: unit (2) 

Factor 494:   keys = { e0 e1 l45 t0 }
  noise model: unit (2) 

Factor 495:   keys = { x0 x1 e0 e1 l45 t0 }
  noise model: unit (2) 

Factor 496:   keys = { x0 x1 e0 e1 l45 t0 }
  noise model: unit (2) 

Factor 497:   keys = { x0 x1 e0 e1 l45 t0 }
  noise model: unit (2) 

Factor 498:   keys = { x0 x1 e0 e1 l45 t0 }
  noise model: unit (2) 

Factor 499:   keys = { x0 x1 e0 e1 l45 t0 }
  noise model: unit (2) 

Factor 500:   keys = { x0 x1 e0 e1 l45 t0 }
  noise model: unit (2) 

Factor 501:   keys = { x0 x1 e0 e1 l45 t0 }
  noise model: unit (2) 

Factor 502:   keys = { x0 x1 e0 e1 l45 t0 }
  noise model: unit (2) 

Factor 503:   keys = { x0 x1 e0 e1 l45 t0 }
  noise model: unit (2) 

Factor 504:   keys = { x0 x1 e0 e1 l45 t0 }
  noise model: unit (2) 

Factor 505:   keys = { e0 e1 l46 t0 }
  noise model: unit (2) 

Factor 506:   keys = { x0 x1 e0 e1 l46 t0 }
  noise model: unit (2) 

Factor 507:   keys = { x0 x1 e0 e1 l46 t0 }
  noise model: unit (2) 

Factor 508:   keys = { x0 x1 e0 e1 l46 t0 }
  noise model: unit (2) 

Factor 509:   keys = { x0 x1 e0 e1 l46 t0 }
  noise model: unit (2) 

Factor 510:   keys = { x0 x1 e0 e1 l46 t0 }
  noise model: unit (2) 

Factor 511:   keys = { x0 x1 e0 e1 l46 t0 }
  noise model: unit (2) 

Factor 512:   keys = { x0 x1 e0 e1 l46 t0 }
  noise model: unit (2) 

Factor 513:   keys = { x0 x1 e0 e1 l46 t0 }
  noise model: unit (2) 

Factor 514:   keys = { x0 x1 e0 e1 l46 t0 }
  noise model: unit (2) 

Factor 515:   keys = { x0 x1 e0 e1 l46 t0 }
  noise model: unit (2) 

Factor 516:   keys = { e0 e1 l47 t0 }
  noise model: unit (2) 

Factor 517:   keys = { x0 x1 e0 e1 l47 t0 }
  noise model: unit (2) 

Factor 518:   keys = { x0 x1 e0 e1 l47 t0 }
  noise model: unit (2) 

Factor 519:   keys = { x0 x1 e0 e1 l47 t0 }
  noise model: unit (2) 

Factor 520:   keys = { x0 x1 e0 e1 l47 t0 }
  noise model: unit (2) 

Factor 521:   keys = { x0 x1 e0 e1 l47 t0 }
  noise model: unit (2) 

Factor 522:   keys = { x0 x1 e0 e1 l47 t0 }
  noise model: unit (2) 

Factor 523:   keys = { x0 x1 e0 e1 l47 t0 }
  noise model: unit (2) 

Factor 524:   keys = { x0 x1 e0 e1 l47 t0 }
  noise model: unit (2) 

Factor 525:   keys = { x0 x1 e0 e1 l47 t0 }
  noise model: unit (2) 

Factor 526:   keys = { x0 x1 e0 e1 l47 t0 }
  noise model: unit (2) 

Factor 527:   keys = { e0 e1 l48 t0 }
  noise model: unit (2) 

Factor 528:   keys = { x0 x1 e0 e1 l48 t0 }
  noise model: unit (2) 

Factor 529:   keys = { x0 x1 e0 e1 l48 t0 }
  noise model: unit (2) 

Factor 530:   keys = { x0 x1 e0 e1 l48 t0 }
  noise model: unit (2) 

Factor 531:   keys = { x0 x1 e0 e1 l48 t0 }
  noise model: unit (2) 

Factor 532:   keys = { x0 x1 e0 e1 l48 t0 }
  noise model: unit (2) 

Factor 533:   keys = { x0 x1 e0 e1 l48 t0 }
  noise model: unit (2) 

Factor 534:   keys = { x0 x1 e0 e1 l48 t0 }
  noise model: unit (2) 

Factor 535:   keys = { x0 x1 e0 e1 l48 t0 }
  noise model: unit (2) 

Factor 536:   keys = { x0 x1 e0 e1 l48 t0 }
  noise model: unit (2) 

Factor 537:   keys = { x0 x1 e0 e1 l48 t0 }
  noise model: unit (2) 

Factor 538:   keys = { e0 e1 l49 t0 }
  noise model: unit (2) 

Factor 539:   keys = { x0 x1 e0 e1 l49 t0 }
  noise model: unit (2) 

Factor 540:   keys = { x0 x1 e0 e1 l49 t0 }
  noise model: unit (2) 

Factor 541:   keys = { x0 x1 e0 e1 l49 t0 }
  noise model: unit (2) 

Factor 542:   keys = { x0 x1 e0 e1 l49 t0 }
  noise model: unit (2) 

Factor 543:   keys = { x0 x1 e0 e1 l49 t0 }
  noise model: unit (2) 

Factor 544:   keys = { x0 x1 e0 e1 l49 t0 }
  noise model: unit (2) 

Factor 545:   keys = { x0 x1 e0 e1 l49 t0 }
  noise model: unit (2) 

Factor 546:   keys = { x0 x1 e0 e1 l49 t0 }
  noise model: unit (2) 

Factor 547:   keys = { x0 x1 e0 e1 l49 t0 }
  noise model: unit (2) 

Factor 548:   keys = { x0 x1 e0 e1 l49 t0 }
  noise model: unit (2) 

Factor 549:   keys = { e0 e1 l50 t0 }
  noise model: unit (2) 

Factor 550:   keys = { x0 x1 e0 e1 l50 t0 }
  noise model: unit (2) 

Factor 551:   keys = { x0 x1 e0 e1 l50 t0 }
  noise model: unit (2) 

Factor 552:   keys = { x0 x1 e0 e1 l50 t0 }
  noise model: unit (2) 

Factor 553:   keys = { x0 x1 e0 e1 l50 t0 }
  noise model: unit (2) 

Factor 554:   keys = { x0 x1 e0 e1 l50 t0 }
  noise model: unit (2) 

Factor 555:   keys = { x0 x1 e0 e1 l50 t0 }
  noise model: unit (2) 

Factor 556:   keys = { x0 x1 e0 e1 l50 t0 }
  noise model: unit (2) 

Factor 557:   keys = { x0 x1 e0 e1 l50 t0 }
  noise model: unit (2) 

Factor 558:   keys = { x0 x1 e0 e1 l50 t0 }
  noise model: unit (2) 

Factor 559:   keys = { x0 x1 e0 e1 l50 t0 }
  noise model: unit (2) 

Factor 560:   keys = { x0 x1 e0 l51 t0 }
  noise model: unit (2) 

Factor 561:   keys = { x0 x2 e0 l51 t0 }
  noise model: unit (2) 

Factor 562:   keys = { x0 x3 e0 l51 t0 }
  noise model: unit (2) 

Factor 563:   keys = { x0 x4 e0 l51 t0 }
  noise model: unit (2) 

Factor 564:   keys = { x0 x5 e0 l51 t0 }
  noise model: unit (2) 

Factor 565:   keys = { x0 x6 e0 l51 t0 }
  noise model: unit (2) 

Factor 566:   keys = { x0 x7 e0 l51 t0 }
  noise model: unit (2) 

Factor 567:   keys = { x0 x8 e0 l51 t0 }
  noise model: unit (2) 

Factor 568:   keys = { x0 x9 e0 l51 t0 }
  noise model: unit (2) 

Factor 569:   keys = { x0 x10 e0 l51 t0 }
  noise model: unit (2) 

Factor 570:   keys = { e0 e1 l52 t0 }
  noise model: unit (2) 

Factor 571:   keys = { x0 x1 e0 e1 l52 t0 }
  noise model: unit (2) 

Factor 572:   keys = { x0 x1 e0 e1 l52 t0 }
  noise model: unit (2) 

Factor 573:   keys = { x0 x1 e0 e1 l52 t0 }
  noise model: unit (2) 

Factor 574:   keys = { x0 x1 e0 e1 l52 t0 }
  noise model: unit (2) 

Factor 575:   keys = { x0 x1 e0 e1 l52 t0 }
  noise model: unit (2) 

Factor 576:   keys = { x0 x1 e0 e1 l52 t0 }
  noise model: unit (2) 

Factor 577:   keys = { x0 x1 e0 e1 l52 t0 }
  noise model: unit (2) 

Factor 578:   keys = { x0 x1 e0 e1 l52 t0 }
  noise model: unit (2) 

Factor 579:   keys = { x0 x1 e0 e1 l52 t0 }
  noise model: unit (2) 

Factor 580:   keys = { x0 x1 e0 e1 l52 t0 }
  noise model: unit (2) 

Factor 581:   keys = { e0 e1 l53 t0 }
  noise model: unit (2) 

Factor 582:   keys = { x0 x1 e0 e1 l53 t0 }
  noise model: unit (2) 

Factor 583:   keys = { x0 x1 e0 e1 l53 t0 }
  noise model: unit (2) 

Factor 584:   keys = { x0 x1 e0 e1 l53 t0 }
  noise model: unit (2) 

Factor 585:   keys = { x0 x1 e0 e1 l53 t0 }
  noise model: unit (2) 

Factor 586:   keys = { x0 x1 e0 e1 l53 t0 }
  noise model: unit (2) 

Factor 587:   keys = { x0 x1 e0 e1 l53 t0 }
  noise model: unit (2) 

Factor 588:   keys = { x0 x1 e0 e1 l53 t0 }
  noise model: unit (2) 

Factor 589:   keys = { x0 x1 e0 e1 l53 t0 }
  noise model: unit (2) 

Factor 590:   keys = { x0 x1 e0 e1 l53 t0 }
  noise model: unit (2) 

Factor 591:   keys = { x0 x1 e0 e1 l53 t0 }
  noise model: unit (2) 

Factor 592:   keys = { e0 e1 l54 t0 }
  noise model: unit (2) 

Factor 593:   keys = { x1 x2 e0 e1 l54 t0 }
  noise model: unit (2) 

Factor 594:   keys = { x1 x2 e0 e1 l54 t0 }
  noise model: unit (2) 

Factor 595:   keys = { x1 x2 e0 e1 l54 t0 }
  noise model: unit (2) 

Factor 596:   keys = { x1 x2 e0 e1 l54 t0 }
  noise model: unit (2) 

Factor 597:   keys = { x1 x2 e0 e1 l54 t0 }
  noise model: unit (2) 

Factor 598:   keys = { x1 x2 e0 e1 l54 t0 }
  noise model: unit (2) 

Factor 599:   keys = { x1 x2 e0 e1 l54 t0 }
  noise model: unit (2) 

Factor 600:   keys = { x1 x2 e0 e1 l54 t0 }
  noise model: unit (2) 

Factor 601:   keys = { x1 x2 e0 e1 l54 t0 }
  noise model: unit (2) 

Factor 602:   keys = { e0 e1 l55 t0 }
  noise model: unit (2) 

Factor 603:   keys = { x1 x2 e0 e1 l55 t0 }
  noise model: unit (2) 

Factor 604:   keys = { x1 x2 e0 e1 l55 t0 }
  noise model: unit (2) 

Factor 605:   keys = { x1 x2 e0 e1 l55 t0 }
  noise model: unit (2) 

Factor 606:   keys = { x1 x2 e0 e1 l55 t0 }
  noise model: unit (2) 

Factor 607:   keys = { x1 x2 e0 e1 l55 t0 }
  noise model: unit (2) 

Factor 608:   keys = { x1 x2 e0 e1 l55 t0 }
  noise model: unit (2) 

Factor 609:   keys = { x1 x2 e0 e1 l55 t0 }
  noise model: unit (2) 

Factor 610:   keys = { x1 x2 e0 e1 l55 t0 }
  noise model: unit (2) 

Factor 611:   keys = { x1 x2 e0 e1 l55 t0 }
  noise model: unit (2) 

Factor 612:   keys = { e0 e1 l56 t0 }
  noise model: unit (2) 

Factor 613:   keys = { x1 x2 e0 e1 l56 t0 }
  noise model: unit (2) 

Factor 614:   keys = { x1 x2 e0 e1 l56 t0 }
  noise model: unit (2) 

Factor 615:   keys = { x1 x2 e0 e1 l56 t0 }
  noise model: unit (2) 

Factor 616:   keys = { x1 x2 e0 e1 l56 t0 }
  noise model: unit (2) 

Factor 617:   keys = { x1 x2 e0 e1 l56 t0 }
  noise model: unit (2) 

Factor 618:   keys = { x1 x2 e0 e1 l56 t0 }
  noise model: unit (2) 

Factor 619:   keys = { x1 x2 e0 e1 l56 t0 }
  noise model: unit (2) 

Factor 620:   keys = { x1 x2 e0 e1 l56 t0 }
  noise model: unit (2) 

Factor 621:   keys = { x1 x2 e0 e1 l56 t0 }
  noise model: unit (2) 

Factor 622:   keys = { e0 e1 l57 t0 }
  noise model: unit (2) 

Factor 623:   keys = { x1 x2 e0 e1 l57 t0 }
  noise model: unit (2) 

Factor 624:   keys = { x1 x2 e0 e1 l57 t0 }
  noise model: unit (2) 

Factor 625:   keys = { x1 x2 e0 e1 l57 t0 }
  noise model: unit (2) 

Factor 626:   keys = { x1 x2 e0 e1 l57 t0 }
  noise model: unit (2) 

Factor 627:   keys = { x1 x2 e0 e1 l57 t0 }
  noise model: unit (2) 

Factor 628:   keys = { x1 x2 e0 e1 l57 t0 }
  noise model: unit (2) 

Factor 629:   keys = { x1 x2 e0 e1 l57 t0 }
  noise model: unit (2) 

Factor 630:   keys = { x1 x2 e0 e1 l57 t0 }
  noise model: unit (2) 

Factor 631:   keys = { x1 x2 e0 e1 l57 t0 }
  noise model: unit (2) 

Factor 632:   keys = { e0 e1 l58 t0 }
  noise model: unit (2) 

Factor 633:   keys = { x1 x2 e0 e1 l58 t0 }
  noise model: unit (2) 

Factor 634:   keys = { x1 x2 e0 e1 l58 t0 }
  noise model: unit (2) 

Factor 635:   keys = { x1 x2 e0 e1 l58 t0 }
  noise model: unit (2) 

Factor 636:   keys = { x1 x2 e0 e1 l58 t0 }
  noise model: unit (2) 

Factor 637:   keys = { x1 x2 e0 e1 l58 t0 }
  noise model: unit (2) 

Factor 638:   keys = { x1 x2 e0 e1 l58 t0 }
  noise model: unit (2) 

Factor 639:   keys = { x1 x2 e0 e1 l58 t0 }
  noise model: unit (2) 

Factor 640:   keys = { x1 x2 e0 e1 l58 t0 }
  noise model: unit (2) 

Factor 641:   keys = { x1 x2 e0 e1 l58 t0 }
  noise model: unit (2) 

Factor 642:   keys = { e0 e1 l59 t0 }
  noise model: unit (2) 

Factor 643:   keys = { x1 x2 e0 e1 l59 t0 }
  noise model: unit (2) 

Factor 644:   keys = { x1 x2 e0 e1 l59 t0 }
  noise model: unit (2) 

Factor 645:   keys = { x1 x2 e0 e1 l59 t0 }
  noise model: unit (2) 

Factor 646:   keys = { x1 x2 e0 e1 l59 t0 }
  noise model: unit (2) 

Factor 647:   keys = { x1 x2 e0 e1 l59 t0 }
  noise model: unit (2) 

Factor 648:   keys = { x1 x2 e0 e1 l59 t0 }
  noise model: unit (2) 

Factor 649:   keys = { x1 x2 e0 e1 l59 t0 }
  noise model: unit (2) 

Factor 650:   keys = { x1 x2 e0 e1 l59 t0 }
  noise model: unit (2) 

Factor 651:   keys = { x1 x2 e0 e1 l59 t0 }
  noise model: unit (2) 

Factor 652:   keys = { e0 e1 l60 t0 }
  noise model: unit (2) 

Factor 653:   keys = { x1 x2 e0 e1 l60 t0 }
  noise model: unit (2) 

Factor 654:   keys = { x1 x2 e0 e1 l60 t0 }
  noise model: unit (2) 

Factor 655:   keys = { x1 x2 e0 e1 l60 t0 }
  noise model: unit (2) 

Factor 656:   keys = { x1 x2 e0 e1 l60 t0 }
  noise model: unit (2) 

Factor 657:   keys = { x1 x2 e0 e1 l60 t0 }
  noise model: unit (2) 

Factor 658:   keys = { x1 x2 e0 e1 l60 t0 }
  noise model: unit (2) 

Factor 659:   keys = { x1 x2 e0 e1 l60 t0 }
  noise model: unit (2) 

Factor 660:   keys = { x1 x2 e0 e1 l60 t0 }
  noise model: unit (2) 

Factor 661:   keys = { x1 x2 e0 e1 l60 t0 }
  noise model: unit (2) 

Factor 662:   keys = { e0 e1 l61 t0 }
  noise model: unit (2) 

Factor 663:   keys = { x1 x2 e0 e1 l61 t0 }
  noise model: unit (2) 

Factor 664:   keys = { x1 x2 e0 e1 l61 t0 }
  noise model: unit (2) 

Factor 665:   keys = { x1 x2 e0 e1 l61 t0 }
  noise model: unit (2) 

Factor 666:   keys = { x1 x2 e0 e1 l61 t0 }
  noise model: unit (2) 

Factor 667:   keys = { x1 x2 e0 e1 l61 t0 }
  noise model: unit (2) 

Factor 668:   keys = { x1 x2 e0 e1 l61 t0 }
  noise model: unit (2) 

Factor 669:   keys = { x1 x2 e0 e1 l61 t0 }
  noise model: unit (2) 

Factor 670:   keys = { x1 x2 e0 e1 l61 t0 }
  noise model: unit (2) 

Factor 671:   keys = { x1 x2 e0 e1 l61 t0 }
  noise model: unit (2) 

Factor 672:   keys = { e0 e1 l62 t0 }
  noise model: unit (2) 

Factor 673:   keys = { x1 x2 e0 e1 l62 t0 }
  noise model: unit (2) 

Factor 674:   keys = { x1 x2 e0 e1 l62 t0 }
  noise model: unit (2) 

Factor 675:   keys = { x1 x2 e0 e1 l62 t0 }
  noise model: unit (2) 

Factor 676:   keys = { x1 x2 e0 e1 l62 t0 }
  noise model: unit (2) 

Factor 677:   keys = { x1 x2 e0 e1 l62 t0 }
  noise model: unit (2) 

Factor 678:   keys = { x1 x2 e0 e1 l62 t0 }
  noise model: unit (2) 

Factor 679:   keys = { x1 x2 e0 e1 l62 t0 }
  noise model: unit (2) 

Factor 680:   keys = { x1 x2 e0 e1 l62 t0 }
  noise model: unit (2) 

Factor 681:   keys = { x1 x2 e0 e1 l62 t0 }
  noise model: unit (2) 

Factor 682:   keys = { e0 e1 l63 t0 }
  noise model: unit (2) 

Factor 683:   keys = { x1 x2 e0 e1 l63 t0 }
  noise model: unit (2) 

Factor 684:   keys = { x1 x2 e0 e1 l63 t0 }
  noise model: unit (2) 

Factor 685:   keys = { x1 x2 e0 e1 l63 t0 }
  noise model: unit (2) 

Factor 686:   keys = { x1 x2 e0 e1 l63 t0 }
  noise model: unit (2) 

Factor 687:   keys = { x1 x2 e0 e1 l63 t0 }
  noise model: unit (2) 

Factor 688:   keys = { x1 x2 e0 e1 l63 t0 }
  noise model: unit (2) 

Factor 689:   keys = { x1 x2 e0 e1 l63 t0 }
  noise model: unit (2) 

Factor 690:   keys = { x1 x2 e0 e1 l63 t0 }
  noise model: unit (2) 

Factor 691:   keys = { x1 x2 e0 e1 l63 t0 }
  noise model: unit (2) 

Factor 692:   keys = { x1 x2 e0 l64 t0 }
  noise model: unit (2) 

Factor 693:   keys = { x1 x3 e0 l64 t0 }
  noise model: unit (2) 

Factor 694:   keys = { x1 x4 e0 l64 t0 }
  noise model: unit (2) 

Factor 695:   keys = { x1 x5 e0 l64 t0 }
  noise model: unit (2) 

Factor 696:   keys = { x1 x6 e0 l64 t0 }
  noise model: unit (2) 

Factor 697:   keys = { x1 x7 e0 l64 t0 }
  noise model: unit (2) 

Factor 698:   keys = { x1 x8 e0 l64 t0 }
  noise model: unit (2) 

Factor 699:   keys = { x1 x9 e0 l64 t0 }
  noise model: unit (2) 

Factor 700:   keys = { x1 x10 e0 l64 t0 }
  noise model: unit (2) 

Factor 701:   keys = { x1 x2 e0 l65 t0 }
  noise model: unit (2) 

Factor 702:   keys = { x1 x3 e0 l65 t0 }
  noise model: unit (2) 

Factor 703:   keys = { x1 x4 e0 l65 t0 }
  noise model: unit (2) 

Factor 704:   keys = { x1 x5 e0 l65 t0 }
  noise model: unit (2) 

Factor 705:   keys = { x1 x6 e0 l65 t0 }
  noise model: unit (2) 

Factor 706:   keys = { x1 x7 e0 l65 t0 }
  noise model: unit (2) 

Factor 707:   keys = { x1 x8 e0 l65 t0 }
  noise model: unit (2) 

Factor 708:   keys = { x1 x9 e0 l65 t0 }
  noise model: unit (2) 

Factor 709:   keys = { x1 x10 e0 l65 t0 }
  noise model: unit (2) 

Factor 710:   keys = { e0 e1 l66 t0 }
  noise model: unit (2) 

Factor 711:   keys = { x1 x2 e0 e1 l66 t0 }
  noise model: unit (2) 

Factor 712:   keys = { x1 x2 e0 e1 l66 t0 }
  noise model: unit (2) 

Factor 713:   keys = { x1 x2 e0 e1 l66 t0 }
  noise model: unit (2) 

Factor 714:   keys = { x1 x2 e0 e1 l66 t0 }
  noise model: unit (2) 

Factor 715:   keys = { x1 x2 e0 e1 l66 t0 }
  noise model: unit (2) 

Factor 716:   keys = { x1 x2 e0 e1 l66 t0 }
  noise model: unit (2) 

Factor 717:   keys = { x1 x2 e0 e1 l66 t0 }
  noise model: unit (2) 

Factor 718:   keys = { x1 x2 e0 e1 l66 t0 }
  noise model: unit (2) 

Factor 719:   keys = { x1 x2 e0 e1 l66 t0 }
  noise model: unit (2) 

Factor 720:   keys = { e0 e1 l67 t0 }
  noise model: unit (2) 

Factor 721:   keys = { x1 x2 e0 e1 l67 t0 }
  noise model: unit (2) 

Factor 722:   keys = { x1 x2 e0 e1 l67 t0 }
  noise model: unit (2) 

Factor 723:   keys = { x1 x2 e0 e1 l67 t0 }
  noise model: unit (2) 

Factor 724:   keys = { x1 x2 e0 e1 l67 t0 }
  noise model: unit (2) 

Factor 725:   keys = { x1 x2 e0 e1 l67 t0 }
  noise model: unit (2) 

Factor 726:   keys = { x1 x2 e0 e1 l67 t0 }
  noise model: unit (2) 

Factor 727:   keys = { x1 x2 e0 e1 l67 t0 }
  noise model: unit (2) 

Factor 728:   keys = { x1 x2 e0 e1 l67 t0 }
  noise model: unit (2) 

Factor 729:   keys = { x1 x2 e0 e1 l67 t0 }
  noise model: unit (2) 

Factor 730:   keys = { e0 e1 l68 t0 }
  noise model: unit (2) 

Factor 731:   keys = { x1 x2 e0 e1 l68 t0 }
  noise model: unit (2) 

Factor 732:   keys = { x1 x2 e0 e1 l68 t0 }
  noise model: unit (2) 

Factor 733:   keys = { x1 x2 e0 e1 l68 t0 }
  noise model: unit (2) 

Factor 734:   keys = { x1 x2 e0 e1 l68 t0 }
  noise model: unit (2) 

Factor 735:   keys = { x1 x2 e0 e1 l68 t0 }
  noise model: unit (2) 

Factor 736:   keys = { x1 x2 e0 e1 l68 t0 }
  noise model: unit (2) 

Factor 737:   keys = { x1 x2 e0 e1 l68 t0 }
  noise model: unit (2) 

Factor 738:   keys = { x1 x2 e0 e1 l68 t0 }
  noise model: unit (2) 

Factor 739:   keys = { x1 x2 e0 e1 l68 t0 }
  noise model: unit (2) 

Factor 740:   keys = { e0 e1 l69 t0 }
  noise model: unit (2) 

Factor 741:   keys = { x1 x2 e0 e1 l69 t0 }
  noise model: unit (2) 

Factor 742:   keys = { x1 x2 e0 e1 l69 t0 }
  noise model: unit (2) 

Factor 743:   keys = { x1 x2 e0 e1 l69 t0 }
  noise model: unit (2) 

Factor 744:   keys = { x1 x2 e0 e1 l69 t0 }
  noise model: unit (2) 

Factor 745:   keys = { x1 x2 e0 e1 l69 t0 }
  noise model: unit (2) 

Factor 746:   keys = { x1 x2 e0 e1 l69 t0 }
  noise model: unit (2) 

Factor 747:   keys = { x1 x2 e0 e1 l69 t0 }
  noise model: unit (2) 

Factor 748:   keys = { x1 x2 e0 e1 l69 t0 }
  noise model: unit (2) 

Factor 749:   keys = { x1 x2 e0 e1 l69 t0 }
  noise model: unit (2) 

Factor 750:   keys = { e0 e1 l70 t0 }
  noise model: unit (2) 

Factor 751:   keys = { x1 x2 e0 e1 l70 t0 }
  noise model: unit (2) 

Factor 752:   keys = { x1 x2 e0 e1 l70 t0 }
  noise model: unit (2) 

Factor 753:   keys = { x1 x2 e0 e1 l70 t0 }
  noise model: unit (2) 

Factor 754:   keys = { x1 x2 e0 e1 l70 t0 }
  noise model: unit (2) 

Factor 755:   keys = { x1 x2 e0 e1 l70 t0 }
  noise model: unit (2) 

Factor 756:   keys = { x1 x2 e0 e1 l70 t0 }
  noise model: unit (2) 

Factor 757:   keys = { x1 x2 e0 e1 l70 t0 }
  noise model: unit (2) 

Factor 758:   keys = { x1 x2 e0 e1 l70 t0 }
  noise model: unit (2) 

Factor 759:   keys = { x1 x2 e0 e1 l70 t0 }
  noise model: unit (2) 

Factor 760:   keys = { e0 e1 l71 t0 }
  noise model: unit (2) 

Factor 761:   keys = { x1 x2 e0 e1 l71 t0 }
  noise model: unit (2) 

Factor 762:   keys = { x1 x2 e0 e1 l71 t0 }
  noise model: unit (2) 

Factor 763:   keys = { x1 x2 e0 e1 l71 t0 }
  noise model: unit (2) 

Factor 764:   keys = { x1 x2 e0 e1 l71 t0 }
  noise model: unit (2) 

Factor 765:   keys = { x1 x2 e0 e1 l71 t0 }
  noise model: unit (2) 

Factor 766:   keys = { x1 x2 e0 e1 l71 t0 }
  noise model: unit (2) 

Factor 767:   keys = { x1 x2 e0 e1 l71 t0 }
  noise model: unit (2) 

Factor 768:   keys = { x1 x2 e0 e1 l71 t0 }
  noise model: unit (2) 

Factor 769:   keys = { x1 x2 e0 e1 l71 t0 }
  noise model: unit (2) 

Factor 770:   keys = { e0 e1 l72 t0 }
  noise model: unit (2) 

Factor 771:   keys = { x1 x2 e0 e1 l72 t0 }
  noise model: unit (2) 

Factor 772:   keys = { x1 x2 e0 e1 l72 t0 }
  noise model: unit (2) 

Factor 773:   keys = { x1 x2 e0 e1 l72 t0 }
  noise model: unit (2) 

Factor 774:   keys = { x1 x2 e0 e1 l72 t0 }
  noise model: unit (2) 

Factor 775:   keys = { x1 x2 e0 e1 l72 t0 }
  noise model: unit (2) 

Factor 776:   keys = { x1 x2 e0 e1 l72 t0 }
  noise model: unit (2) 

Factor 777:   keys = { x1 x2 e0 e1 l72 t0 }
  noise model: unit (2) 

Factor 778:   keys = { x1 x2 e0 e1 l72 t0 }
  noise model: unit (2) 

Factor 779:   keys = { x1 x2 e0 e1 l72 t0 }
  noise model: unit (2) 

Factor 780:   keys = { e0 e1 l73 t0 }
  noise model: unit (2) 

Factor 781:   keys = { x1 x2 e0 e1 l73 t0 }
  noise model: unit (2) 

Factor 782:   keys = { x1 x2 e0 e1 l73 t0 }
  noise model: unit (2) 

Factor 783:   keys = { x1 x2 e0 e1 l73 t0 }
  noise model: unit (2) 

Factor 784:   keys = { x1 x2 e0 e1 l73 t0 }
  noise model: unit (2) 

Factor 785:   keys = { x1 x2 e0 e1 l73 t0 }
  noise model: unit (2) 

Factor 786:   keys = { x1 x2 e0 e1 l73 t0 }
  noise model: unit (2) 

Factor 787:   keys = { x1 x2 e0 e1 l73 t0 }
  noise model: unit (2) 

Factor 788:   keys = { x1 x2 e0 e1 l73 t0 }
  noise model: unit (2) 

Factor 789:   keys = { x1 x2 e0 e1 l73 t0 }
  noise model: unit (2) 

Factor 790:   keys = { e0 e1 l74 t0 }
  noise model: unit (2) 

Factor 791:   keys = { x1 x2 e0 e1 l74 t0 }
  noise model: unit (2) 

Factor 792:   keys = { x1 x2 e0 e1 l74 t0 }
  noise model: unit (2) 

Factor 793:   keys = { x1 x2 e0 e1 l74 t0 }
  noise model: unit (2) 

Factor 794:   keys = { x1 x2 e0 e1 l74 t0 }
  noise model: unit (2) 

Factor 795:   keys = { x1 x2 e0 e1 l74 t0 }
  noise model: unit (2) 

Factor 796:   keys = { x1 x2 e0 e1 l74 t0 }
  noise model: unit (2) 

Factor 797:   keys = { x1 x2 e0 e1 l74 t0 }
  noise model: unit (2) 

Factor 798:   keys = { x1 x2 e0 e1 l74 t0 }
  noise model: unit (2) 

Factor 799:   keys = { x1 x2 e0 e1 l74 t0 }
  noise model: unit (2) 

Factor 800:   keys = { e0 e1 l75 t0 }
  noise model: unit (2) 

Factor 801:   keys = { x1 x2 e0 e1 l75 t0 }
  noise model: unit (2) 

Factor 802:   keys = { x1 x2 e0 e1 l75 t0 }
  noise model: unit (2) 

Factor 803:   keys = { x1 x2 e0 e1 l75 t0 }
  noise model: unit (2) 

Factor 804:   keys = { x1 x2 e0 e1 l75 t0 }
  noise model: unit (2) 

Factor 805:   keys = { x1 x2 e0 e1 l75 t0 }
  noise model: unit (2) 

Factor 806:   keys = { x1 x2 e0 e1 l75 t0 }
  noise model: unit (2) 

Factor 807:   keys = { x1 x2 e0 e1 l75 t0 }
  noise model: unit (2) 

Factor 808:   keys = { x1 x2 e0 e1 l75 t0 }
  noise model: unit (2) 

Factor 809:   keys = { x1 x2 e0 e1 l75 t0 }
  noise model: unit (2) 

Factor 810:   keys = { e0 e1 l76 t0 }
  noise model: unit (2) 

Factor 811:   keys = { x1 x2 e0 e1 l76 t0 }
  noise model: unit (2) 

Factor 812:   keys = { x1 x2 e0 e1 l76 t0 }
  noise model: unit (2) 

Factor 813:   keys = { x1 x2 e0 e1 l76 t0 }
  noise model: unit (2) 

Factor 814:   keys = { x1 x2 e0 e1 l76 t0 }
  noise model: unit (2) 

Factor 815:   keys = { x1 x2 e0 e1 l76 t0 }
  noise model: unit (2) 

Factor 816:   keys = { x1 x2 e0 e1 l76 t0 }
  noise model: unit (2) 

Factor 817:   keys = { x1 x2 e0 e1 l76 t0 }
  noise model: unit (2) 

Factor 818:   keys = { x1 x2 e0 e1 l76 t0 }
  noise model: unit (2) 

Factor 819:   keys = { x1 x2 e0 e1 l76 t0 }
  noise model: unit (2) 

Factor 820:   keys = { e0 e1 l77 t0 }
  noise model: unit (2) 

Factor 821:   keys = { x1 x2 e0 e1 l77 t0 }
  noise model: unit (2) 

Factor 822:   keys = { x1 x2 e0 e1 l77 t0 }
  noise model: unit (2) 

Factor 823:   keys = { x1 x2 e0 e1 l77 t0 }
  noise model: unit (2) 

Factor 824:   keys = { x1 x2 e0 e1 l77 t0 }
  noise model: unit (2) 

Factor 825:   keys = { x1 x2 e0 e1 l77 t0 }
  noise model: unit (2) 

Factor 826:   keys = { x1 x2 e0 e1 l77 t0 }
  noise model: unit (2) 

Factor 827:   keys = { x1 x2 e0 e1 l77 t0 }
  noise model: unit (2) 

Factor 828:   keys = { x1 x2 e0 e1 l77 t0 }
  noise model: unit (2) 

Factor 829:   keys = { x1 x2 e0 e1 l77 t0 }
  noise model: unit (2) 

Factor 830:   keys = { e0 e1 l78 t0 }
  noise model: unit (2) 

Factor 831:   keys = { x1 x2 e0 e1 l78 t0 }
  noise model: unit (2) 

Factor 832:   keys = { x1 x2 e0 e1 l78 t0 }
  noise model: unit (2) 

Factor 833:   keys = { x1 x2 e0 e1 l78 t0 }
  noise model: unit (2) 

Factor 834:   keys = { x1 x2 e0 e1 l78 t0 }
  noise model: unit (2) 

Factor 835:   keys = { x1 x2 e0 e1 l78 t0 }
  noise model: unit (2) 

Factor 836:   keys = { x1 x2 e0 e1 l78 t0 }
  noise model: unit (2) 

Factor 837:   keys = { x1 x2 e0 e1 l78 t0 }
  noise model: unit (2) 

Factor 838:   keys = { x1 x2 e0 e1 l78 t0 }
  noise model: unit (2) 

Factor 839:   keys = { x1 x2 e0 e1 l78 t0 }
  noise model: unit (2) 

Factor 840:   keys = { e0 e1 l79 t0 }
  noise model: unit (2) 

Factor 841:   keys = { x1 x2 e0 e1 l79 t0 }
  noise model: unit (2) 

Factor 842:   keys = { x1 x2 e0 e1 l79 t0 }
  noise model: unit (2) 

Factor 843:   keys = { x1 x2 e0 e1 l79 t0 }
  noise model: unit (2) 

Factor 844:   keys = { x1 x2 e0 e1 l79 t0 }
  noise model: unit (2) 

Factor 845:   keys = { x1 x2 e0 e1 l79 t0 }
  noise model: unit (2) 

Factor 846:   keys = { x1 x2 e0 e1 l79 t0 }
  noise model: unit (2) 

Factor 847:   keys = { x1 x2 e0 e1 l79 t0 }
  noise model: unit (2) 

Factor 848:   keys = { x1 x2 e0 e1 l79 t0 }
  noise model: unit (2) 

Factor 849:   keys = { x1 x2 e0 e1 l79 t0 }
  noise model: unit (2) 

Factor 850:   keys = { e0 e1 l80 t0 }
  noise model: unit (2) 

Factor 851:   keys = { x1 x2 e0 e1 l80 t0 }
  noise model: unit (2) 

Factor 852:   keys = { x1 x3 e0 l80 t0 }
  noise model: unit (2) 

Factor 853:   keys = { x1 x2 e0 e1 l80 t0 }
  noise model: unit (2) 

Factor 854:   keys = { x1 x5 e0 l80 t0 }
  noise model: unit (2) 

Factor 855:   keys = { x1 x6 e0 l80 t0 }
  noise model: unit (2) 

Factor 856:   keys = { x1 x7 e0 l80 t0 }
  noise model: unit (2) 

Factor 857:   keys = { x1 x8 e0 l80 t0 }
  noise model: unit (2) 

Factor 858:   keys = { x1 x2 e0 e1 l80 t0 }
  noise model: unit (2) 

Factor 859:   keys = { x1 x10 e0 l80 t0 }
  noise model: unit (2) 

Factor 860:   keys = { x1 x2 e0 l82 t0 }
  noise model: unit (2) 

Factor 861:   keys = { x1 x3 e0 l82 t0 }
  noise model: unit (2) 

Factor 862:   keys = { x1 x4 e0 l82 t0 }
  noise model: unit (2) 

Factor 863:   keys = { x1 x5 e0 l82 t0 }
  noise model: unit (2) 

Factor 864:   keys = { x1 x6 e0 l82 t0 }
  noise model: unit (2) 

Factor 865:   keys = { x1 x7 e0 l82 t0 }
  noise model: unit (2) 

Factor 866:   keys = { x1 x8 e0 l82 t0 }
  noise model: unit (2) 

Factor 867:   keys = { x1 x9 e0 l82 t0 }
  noise model: unit (2) 

Factor 868:   keys = { x1 x10 e0 l82 t0 }
  noise model: unit (2) 

Factor 869:   keys = { e0 e1 l83 t0 }
  noise model: unit (2) 

Factor 870:   keys = { x1 x2 e0 e1 l83 t0 }
  noise model: unit (2) 

Factor 871:   keys = { x1 x2 e0 e1 l83 t0 }
  noise model: unit (2) 

Factor 872:   keys = { x1 x2 e0 e1 l83 t0 }
  noise model: unit (2) 

Factor 873:   keys = { x1 x2 e0 e1 l83 t0 }
  noise model: unit (2) 

Factor 874:   keys = { x1 x2 e0 e1 l83 t0 }
  noise model: unit (2) 

Factor 875:   keys = { x1 x2 e0 e1 l83 t0 }
  noise model: unit (2) 

Factor 876:   keys = { x1 x2 e0 e1 l83 t0 }
  noise model: unit (2) 

Factor 877:   keys = { x1 x2 e0 e1 l83 t0 }
  noise model: unit (2) 

Factor 878:   keys = { x1 x2 e0 e1 l83 t0 }
  noise model: unit (2) 

Factor 879:   keys = { e0 e1 l84 t0 }
  noise model: unit (2) 

Factor 880:   keys = { x1 x2 e0 e1 l84 t0 }
  noise model: unit (2) 

Factor 881:   keys = { x1 x2 e0 e1 l84 t0 }
  noise model: unit (2) 

Factor 882:   keys = { x1 x2 e0 e1 l84 t0 }
  noise model: unit (2) 

Factor 883:   keys = { x1 x2 e0 e1 l84 t0 }
  noise model: unit (2) 

Factor 884:   keys = { x1 x2 e0 e1 l84 t0 }
  noise model: unit (2) 

Factor 885:   keys = { x1 x2 e0 e1 l84 t0 }
  noise model: unit (2) 

Factor 886:   keys = { x1 x2 e0 e1 l84 t0 }
  noise model: unit (2) 

Factor 887:   keys = { x1 x2 e0 e1 l84 t0 }
  noise model: unit (2) 

Factor 888:   keys = { x1 x2 e0 e1 l84 t0 }
  noise model: unit (2) 

Factor 889:   keys = { x1 x2 e0 l85 t0 }
  noise model: unit (2) 

Factor 890:   keys = { x1 x3 e0 l85 t0 }
  noise model: unit (2) 

Factor 891:   keys = { x1 x4 e0 l85 t0 }
  noise model: unit (2) 

Factor 892:   keys = { x1 x5 e0 l85 t0 }
  noise model: unit (2) 

Factor 893:   keys = { x1 x6 e0 l85 t0 }
  noise model: unit (2) 

Factor 894:   keys = { x1 x7 e0 l85 t0 }
  noise model: unit (2) 

Factor 895:   keys = { x1 x8 e0 l85 t0 }
  noise model: unit (2) 

Factor 896:   keys = { e0 e1 l86 t0 }
  noise model: unit (2) 

Factor 897:   keys = { x1 x2 e0 e1 l86 t0 }
  noise model: unit (2) 

Factor 898:   keys = { x1 x2 e0 e1 l86 t0 }
  noise model: unit (2) 

Factor 899:   keys = { x1 x4 e0 l86 t0 }
  noise model: unit (2) 

Factor 900:   keys = { x1 x2 e0 e1 l86 t0 }
  noise model: unit (2) 

Factor 901:   keys = { x1 x2 e0 e1 l86 t0 }
  noise model: unit (2) 

Factor 902:   keys = { x1 x2 e0 e1 l86 t0 }
  noise model: unit (2) 

Factor 903:   keys = { x1 x2 e0 e1 l86 t0 }
  noise model: unit (2) 

Factor 904:   keys = { x1 x2 e0 e1 l86 t0 }
  noise model: unit (2) 

Factor 905:   keys = { x1 x10 e0 l86 t0 }
  noise model: unit (2) 

Factor 906:   keys = { e0 e1 l87 t0 }
  noise model: unit (2) 

Factor 907:   keys = { x1 x2 e0 e1 l87 t0 }
  noise model: unit (2) 

Factor 908:   keys = { x1 x2 e0 e1 l87 t0 }
  noise model: unit (2) 

Factor 909:   keys = { x1 x2 e0 e1 l87 t0 }
  noise model: unit (2) 

Factor 910:   keys = { x1 x2 e0 e1 l87 t0 }
  noise model: unit (2) 

Factor 911:   keys = { x1 x2 e0 e1 l87 t0 }
  noise model: unit (2) 

Factor 912:   keys = { x1 x2 e0 e1 l87 t0 }
  noise model: unit (2) 

Factor 913:   keys = { x1 x2 e0 e1 l87 t0 }
  noise model: unit (2) 

Factor 914:   keys = { x1 x2 e0 e1 l87 t0 }
  noise model: unit (2) 

Factor 915:   keys = { x1 x2 e0 e1 l87 t0 }
  noise model: unit (2) 

Factor 916:   keys = { e0 e1 l88 t0 }
  noise model: unit (2) 

Factor 917:   keys = { x1 x2 e0 e1 l88 t0 }
  noise model: unit (2) 

Factor 918:   keys = { x1 x2 e0 e1 l88 t0 }
  noise model: unit (2) 

Factor 919:   keys = { x1 x2 e0 e1 l88 t0 }
  noise model: unit (2) 

Factor 920:   keys = { x1 x2 e0 e1 l88 t0 }
  noise model: unit (2) 

Factor 921:   keys = { x1 x2 e0 e1 l88 t0 }
  noise model: unit (2) 

Factor 922:   keys = { x1 x2 e0 e1 l88 t0 }
  noise model: unit (2) 

Factor 923:   keys = { x1 x2 e0 e1 l88 t0 }
  noise model: unit (2) 

Factor 924:   keys = { x1 x2 e0 e1 l88 t0 }
  noise model: unit (2) 

Factor 925:   keys = { x1 x2 e0 e1 l88 t0 }
  noise model: unit (2) 

Factor 926:   keys = { e0 e1 l89 t0 }
  noise model: unit (2) 

Factor 927:   keys = { x1 x2 e0 e1 l89 t0 }
  noise model: unit (2) 

Factor 928:   keys = { x1 x2 e0 e1 l89 t0 }
  noise model: unit (2) 

Factor 929:   keys = { x1 x2 e0 e1 l89 t0 }
  noise model: unit (2) 

Factor 930:   keys = { x1 x2 e0 e1 l89 t0 }
  noise model: unit (2) 

Factor 931:   keys = { x1 x2 e0 e1 l89 t0 }
  noise model: unit (2) 

Factor 932:   keys = { x1 x2 e0 e1 l89 t0 }
  noise model: unit (2) 

Factor 933:   keys = { x1 x2 e0 e1 l89 t0 }
  noise model: unit (2) 

Factor 934:   keys = { x1 x2 e0 e1 l89 t0 }
  noise model: unit (2) 

Factor 935:   keys = { x1 x2 e0 e1 l89 t0 }
  noise model: unit (2) 

Factor 936:   keys = { x1 x2 e0 l91 t0 }
  noise model: unit (2) 

Factor 937:   keys = { x1 x3 e0 l91 t0 }
  noise model: unit (2) 

Factor 938:   keys = { x1 x4 e0 l91 t0 }
  noise model: unit (2) 

Factor 939:   keys = { x1 x5 e0 l91 t0 }
  noise model: unit (2) 

Factor 940:   keys = { x1 x6 e0 l91 t0 }
  noise model: unit (2) 

Factor 941:   keys = { x1 x7 e0 l91 t0 }
  noise model: unit (2) 

Factor 942:   keys = { x1 x8 e0 l91 t0 }
  noise model: unit (2) 

Factor 943:   keys = { x1 x9 e0 l91 t0 }
  noise model: unit (2) 

Factor 944:   keys = { x1 x10 e0 l91 t0 }
  noise model: unit (2) 

Factor 945:   keys = { x1 x2 e0 l92 t0 }
  noise model: unit (2) 

Factor 946:   keys = { x1 x3 e0 l92 t0 }
  noise model: unit (2) 

Factor 947:   keys = { x1 x4 e0 l92 t0 }
  noise model: unit (2) 

Factor 948:   keys = { e0 e1 l94 t0 }
  noise model: unit (2) 

Factor 949:   keys = { x1 x2 e0 e1 l94 t0 }
  noise model: unit (2) 

Factor 950:   keys = { x1 x2 e0 e1 l94 t0 }
  noise model: unit (2) 

Factor 951:   keys = { x1 x2 e0 e1 l94 t0 }
  noise model: unit (2) 

Factor 952:   keys = { x1 x2 e0 e1 l94 t0 }
  noise model: unit (2) 

Factor 953:   keys = { x1 x2 e0 e1 l94 t0 }
  noise model: unit (2) 

Factor 954:   keys = { x1 x2 e0 e1 l94 t0 }
  noise model: unit (2) 

Factor 955:   keys = { x1 x2 e0 e1 l94 t0 }
  noise model: unit (2) 

Factor 956:   keys = { x1 x2 e0 e1 l94 t0 }
  noise model: unit (2) 

Factor 957:   keys = { x1 x2 e0 e1 l94 t0 }
  noise model: unit (2) 

Factor 958:   keys = { e0 e1 l95 t0 }
  noise model: unit (2) 

Factor 959:   keys = { x1 x2 e0 e1 l95 t0 }
  noise model: unit (2) 

Factor 960:   keys = { x1 x2 e0 e1 l95 t0 }
  noise model: unit (2) 

Factor 961:   keys = { x1 x2 e0 e1 l95 t0 }
  noise model: unit (2) 

Factor 962:   keys = { x1 x2 e0 e1 l95 t0 }
  noise model: unit (2) 

Factor 963:   keys = { x1 x2 e0 e1 l95 t0 }
  noise model: unit (2) 

Factor 964:   keys = { x1 x2 e0 e1 l95 t0 }
  noise model: unit (2) 

Factor 965:   keys = { x1 x2 e0 e1 l95 t0 }
  noise model: unit (2) 

Factor 966:   keys = { x1 x2 e0 e1 l95 t0 }
  noise model: unit (2) 

Factor 967:   keys = { x1 x2 e0 e1 l95 t0 }
  noise model: unit (2) 

Factor 968:   keys = { e0 e1 l96 t0 }
  noise model: unit (2) 

Factor 969:   keys = { x1 x2 e0 e1 l96 t0 }
  noise model: unit (2) 

Factor 970:   keys = { x1 x2 e0 e1 l96 t0 }
  noise model: unit (2) 

Factor 971:   keys = { x1 x2 e0 e1 l96 t0 }
  noise model: unit (2) 

Factor 972:   keys = { x1 x2 e0 e1 l96 t0 }
  noise model: unit (2) 

Factor 973:   keys = { x1 x2 e0 e1 l96 t0 }
  noise model: unit (2) 

Factor 974:   keys = { x1 x2 e0 e1 l96 t0 }
  noise model: unit (2) 

Factor 975:   keys = { x1 x2 e0 e1 l96 t0 }
  noise model: unit (2) 

Factor 976:   keys = { x1 x2 e0 e1 l96 t0 }
  noise model: unit (2) 

Factor 977:   keys = { x1 x2 e0 e1 l96 t0 }
  noise model: unit (2) 

Factor 978:   keys = { e0 e1 l97 t0 }
  noise model: unit (2) 

Factor 979:   keys = { x1 x2 e0 e1 l97 t0 }
  noise model: unit (2) 

Factor 980:   keys = { x1 x2 e0 e1 l97 t0 }
  noise model: unit (2) 

Factor 981:   keys = { x1 x2 e0 e1 l97 t0 }
  noise model: unit (2) 

Factor 982:   keys = { x1 x2 e0 e1 l97 t0 }
  noise model: unit (2) 

Factor 983:   keys = { x1 x2 e0 e1 l97 t0 }
  noise model: unit (2) 

Factor 984:   keys = { x1 x7 e0 l97 t0 }
  noise model: unit (2) 

Factor 985:   keys = { x1 x2 e0 e1 l97 t0 }
  noise model: unit (2) 

Factor 986:   keys = { x1 x2 e0 e1 l97 t0 }
  noise model: unit (2) 

Factor 987:   keys = { x1 x2 e0 e1 l97 t0 }
  noise model: unit (2) 

Factor 988:   keys = { e0 e1 l98 t0 }
  noise model: unit (2) 

Factor 989:   keys = { x1 x2 e0 e1 l98 t0 }
  noise model: unit (2) 

Factor 990:   keys = { x1 x2 e0 e1 l98 t0 }
  noise model: unit (2) 

Factor 991:   keys = { x1 x2 e0 e1 l98 t0 }
  noise model: unit (2) 

Factor 992:   keys = { x1 x2 e0 e1 l98 t0 }
  noise model: unit (2) 

Factor 993:   keys = { x1 x2 e0 e1 l98 t0 }
  noise model: unit (2) 

Factor 994:   keys = { x1 x2 e0 e1 l98 t0 }
  noise model: unit (2) 

Factor 995:   keys = { x1 x2 e0 e1 l98 t0 }
  noise model: unit (2) 

Factor 996:   keys = { x1 x2 e0 e1 l98 t0 }
  noise model: unit (2) 

Factor 997:   keys = { x1 x2 e0 e1 l98 t0 }
  noise model: unit (2) 

Factor 998:   keys = { x1 x2 e0 l100 t0 }
  noise model: unit (2) 

Factor 999:   keys = { x1 x3 e0 l100 t0 }
  noise model: unit (2) 

Factor 1000:   keys = { x1 x4 e0 l100 t0 }
  noise model: unit (2) 

Factor 1001:   keys = { x1 x5 e0 l100 t0 }
  noise model: unit (2) 

Factor 1002:   keys = { x1 x6 e0 l100 t0 }
  noise model: unit (2) 

Factor 1003:   keys = { x1 x7 e0 l100 t0 }
  noise model: unit (2) 

Factor 1004:   keys = { x1 x8 e0 l100 t0 }
  noise model: unit (2) 

Factor 1005:   keys = { x1 x9 e0 l100 t0 }
  noise model: unit (2) 

Factor 1006:   keys = { x1 x10 e0 l100 t0 }
  noise model: unit (2) 

Factor 1007:   keys = { e0 e1 l101 t0 }
  noise model: unit (2) 

Factor 1008:   keys = { x1 x2 e0 e1 l101 t0 }
  noise model: unit (2) 

Factor 1009:   keys = { x1 x2 e0 e1 l101 t0 }
  noise model: unit (2) 

Factor 1010:   keys = { x1 x2 e0 e1 l101 t0 }
  noise model: unit (2) 

Factor 1011:   keys = { x1 x2 e0 e1 l101 t0 }
  noise model: unit (2) 

Factor 1012:   keys = { x1 x2 e0 e1 l101 t0 }
  noise model: unit (2) 

Factor 1013:   keys = { x1 x2 e0 e1 l101 t0 }
  noise model: unit (2) 

Factor 1014:   keys = { x1 x2 e0 e1 l101 t0 }
  noise model: unit (2) 

Factor 1015:   keys = { x1 x2 e0 e1 l101 t0 }
  noise model: unit (2) 

Factor 1016:   keys = { x1 x2 e0 e1 l101 t0 }
  noise model: unit (2) 

Factor 1017:   keys = { x1 x2 e0 l103 t0 }
  noise model: unit (2) 

Factor 1018:   keys = { x1 x3 e0 l103 t0 }
  noise model: unit (2) 

Factor 1019:   keys = { x1 x4 e0 l103 t0 }
  noise model: unit (2) 

Factor 1020:   keys = { x1 x5 e0 l103 t0 }
  noise model: unit (2) 

Factor 1021:   keys = { x1 x6 e0 l103 t0 }
  noise model: unit (2) 

Factor 1022:   keys = { x1 x7 e0 l103 t0 }
  noise model: unit (2) 

Factor 1023:   keys = { x1 x8 e0 l103 t0 }
  noise model: unit (2) 

Factor 1024:   keys = { x1 x9 e0 l103 t0 }
  noise model: unit (2) 

Factor 1025:   keys = { x1 x2 e0 l107 t0 }
  noise model: unit (2) 

Factor 1026:   keys = { x1 x3 e0 l107 t0 }
  noise model: unit (2) 

Factor 1027:   keys = { x1 x4 e0 l107 t0 }
  noise model: unit (2) 

Factor 1028:   keys = { x1 x5 e0 l107 t0 }
  noise model: unit (2) 

Factor 1029:   keys = { x1 x2 e0 l109 t0 }
  noise model: unit (2) 

Factor 1030:   keys = { x1 x3 e0 l109 t0 }
  noise model: unit (2) 

Factor 1031:   keys = { x1 x4 e0 l109 t0 }
  noise model: unit (2) 

Factor 1032:   keys = { x1 x5 e0 l109 t0 }
  noise model: unit (2) 

Factor 1033:   keys = { x1 x6 e0 l109 t0 }
  noise model: unit (2) 

Factor 1034:   keys = { x1 x7 e0 l109 t0 }
  noise model: unit (2) 

Factor 1035:   keys = { x1 x8 e0 l109 t0 }
  noise model: unit (2) 

Factor 1036:   keys = { x1 x9 e0 l109 t0 }
  noise model: unit (2) 

Factor 1037:   keys = { x1 x10 e0 l109 t0 }
  noise model: unit (2) 

Factor 1038:   keys = { x1 x2 e0 l112 t0 }
  noise model: unit (2) 

Factor 1039:   keys = { x1 x3 e0 l112 t0 }
  noise model: unit (2) 

Factor 1040:   keys = { x1 x4 e0 l112 t0 }
  noise model: unit (2) 

Factor 1041:   keys = { x1 x5 e0 l112 t0 }
  noise model: unit (2) 

Factor 1042:   keys = { e0 e1 l113 t0 }
  noise model: unit (2) 

Factor 1043:   keys = { x1 x2 e0 e1 l113 t0 }
  noise model: unit (2) 

Factor 1044:   keys = { x1 x2 e0 e1 l113 t0 }
  noise model: unit (2) 

Factor 1045:   keys = { x1 x2 e0 e1 l113 t0 }
  noise model: unit (2) 

Factor 1046:   keys = { x1 x2 e0 e1 l113 t0 }
  noise model: unit (2) 

Factor 1047:   keys = { x1 x2 e0 e1 l113 t0 }
  noise model: unit (2) 

Factor 1048:   keys = { x1 x2 e0 e1 l113 t0 }
  noise model: unit (2) 

Factor 1049:   keys = { x1 x2 e0 e1 l113 t0 }
  noise model: unit (2) 

Factor 1050:   keys = { x1 x2 e0 e1 l113 t0 }
  noise model: unit (2) 

Factor 1051:   keys = { x1 x2 e0 e1 l113 t0 }
  noise model: unit (2) 

Factor 1052:   keys = { e0 e1 l131 t0 }
  noise model: unit (2) 

Factor 1053:   keys = { x1 x2 e0 e1 l131 t0 }
  noise model: unit (2) 

Factor 1054:   keys = { x1 x2 e0 e1 l131 t0 }
  noise model: unit (2) 

Factor 1055:   keys = { x1 x2 e0 e1 l131 t0 }
  noise model: unit (2) 

Factor 1056:   keys = { x1 x2 e0 e1 l131 t0 }
  noise model: unit (2) 

Factor 1057:   keys = { x1 x2 e0 e1 l131 t0 }
  noise model: unit (2) 

Factor 1058:   keys = { x1 x2 e0 e1 l131 t0 }
  noise model: unit (2) 

Factor 1059:   keys = { x1 x2 e0 e1 l131 t0 }
  noise model: unit (2) 

Factor 1060:   keys = { x1 x2 e0 e1 l131 t0 }
  noise model: unit (2) 

Factor 1061:   keys = { x1 x2 e0 e1 l131 t0 }
  noise model: unit (2) 

Factor 1062:   keys = { x1 x2 e0 l134 t0 }
  noise model: unit (2) 

Factor 1063:   keys = { x1 x3 e0 l134 t0 }
  noise model: unit (2) 

Factor 1064:   keys = { x1 x4 e0 l134 t0 }
  noise model: unit (2) 

Factor 1065:   keys = { x1 x5 e0 l134 t0 }
  noise model: unit (2) 

Factor 1066:   keys = { x1 x6 e0 l134 t0 }
  noise model: unit (2) 

Factor 1067:   keys = { x1 x7 e0 l134 t0 }
  noise model: unit (2) 

Factor 1068:   keys = { x1 x8 e0 l134 t0 }
  noise model: unit (2) 

Factor 1069:   keys = { x1 x9 e0 l134 t0 }
  noise model: unit (2) 

Factor 1070:   keys = { x1 x10 e0 l134 t0 }
  noise model: unit (2) 

Factor 1071:   keys = { e0 e1 l140 t0 }
  noise model: unit (2) 

Factor 1072:   keys = { x1 x2 e0 e1 l140 t0 }
  noise model: unit (2) 

Factor 1073:   keys = { x1 x2 e0 e1 l140 t0 }
  noise model: unit (2) 

Factor 1074:   keys = { x1 x2 e0 e1 l140 t0 }
  noise model: unit (2) 

Factor 1075:   keys = { x1 x2 e0 e1 l140 t0 }
  noise model: unit (2) 

Factor 1076:   keys = { x1 x2 e0 e1 l140 t0 }
  noise model: unit (2) 

Factor 1077:   keys = { x1 x2 e0 e1 l140 t0 }
  noise model: unit (2) 

Factor 1078:   keys = { x1 x2 e0 e1 l140 t0 }
  noise model: unit (2) 

Factor 1079:   keys = { x1 x2 e0 e1 l140 t0 }
  noise model: unit (2) 

Factor 1080:   keys = { x1 x2 e0 e1 l140 t0 }
  noise model: unit (2) 

Factor 1081:   keys = { x1 x2 e0 l142 t0 }
  noise model: unit (2) 

Factor 1082:   keys = { x1 x3 e0 l142 t0 }
  noise model: unit (2) 

Factor 1083:   keys = { x1 x4 e0 l142 t0 }
  noise model: unit (2) 

Factor 1084:   keys = { x1 x2 e0 l145 t0 }
  noise model: unit (2) 

Factor 1085:   keys = { x1 x3 e0 l145 t0 }
  noise model: unit (2) 

Factor 1086:   keys = { x1 x4 e0 l145 t0 }
  noise model: unit (2) 

Factor 1087:   keys = { x1 x5 e0 l145 t0 }
  noise model: unit (2) 

Factor 1088:   keys = { x1 x6 e0 l145 t0 }
  noise model: unit (2) 

Factor 1089:   keys = { x1 x7 e0 l145 t0 }
  noise model: unit (2) 

Factor 1090:   keys = { x1 x8 e0 l145 t0 }
  noise model: unit (2) 

Factor 1091:   keys = { x1 x9 e0 l145 t0 }
  noise model: unit (2) 

Factor 1092:   keys = { x1 x10 e0 l145 t0 }
  noise model: unit (2) 

Factor 1093:   keys = { e0 e1 l148 t0 }
  noise model: unit (2) 

Factor 1094:   keys = { x1 x2 e0 e1 l148 t0 }
  noise model: unit (2) 

Factor 1095:   keys = { x1 x2 e0 e1 l148 t0 }
  noise model: unit (2) 

Factor 1096:   keys = { x1 x2 e0 e1 l148 t0 }
  noise model: unit (2) 

Factor 1097:   keys = { x1 x2 e0 e1 l148 t0 }
  noise model: unit (2) 

Factor 1098:   keys = { x1 x2 e0 e1 l148 t0 }
  noise model: unit (2) 

Factor 1099:   keys = { x1 x2 e0 e1 l148 t0 }
  noise model: unit (2) 

Factor 1100:   keys = { x1 x2 e0 e1 l148 t0 }
  noise model: unit (2) 

Factor 1101:   keys = { x1 x2 e0 e1 l148 t0 }
  noise model: unit (2) 

Factor 1102:   keys = { x1 x2 e0 e1 l148 t0 }
  noise model: unit (2) 

Factor 1103:   keys = { e0 e1 l158 t0 }
  noise model: unit (2) 

Factor 1104:   keys = { x1 x2 e0 e1 l158 t0 }
  noise model: unit (2) 

Factor 1105:   keys = { x1 x2 e0 e1 l158 t0 }
  noise model: unit (2) 

Factor 1106:   keys = { x1 x2 e0 e1 l158 t0 }
  noise model: unit (2) 

Factor 1107:   keys = { x1 x2 e0 e1 l158 t0 }
  noise model: unit (2) 

Factor 1108:   keys = { x1 x2 e0 e1 l158 t0 }
  noise model: unit (2) 

Factor 1109:   keys = { x1 x2 e0 e1 l158 t0 }
  noise model: unit (2) 

Factor 1110:   keys = { x1 x2 e0 e1 l158 t0 }
  noise model: unit (2) 

Factor 1111:   keys = { x1 x2 e0 e1 l158 t0 }
  noise model: unit (2) 

Factor 1112:   keys = { x1 x2 e0 e1 l158 t0 }
  noise model: unit (2) 

Factor 1113:   keys = { e0 e1 l169 t0 }
  noise model: unit (2) 

Factor 1114:   keys = { x1 x2 e0 e1 l169 t0 }
  noise model: unit (2) 

Factor 1115:   keys = { x1 x2 e0 e1 l169 t0 }
  noise model: unit (2) 

Factor 1116:   keys = { x1 x2 e0 e1 l169 t0 }
  noise model: unit (2) 

Factor 1117:   keys = { x1 x2 e0 e1 l169 t0 }
  noise model: unit (2) 

Factor 1118:   keys = { x1 x2 e0 e1 l169 t0 }
  noise model: unit (2) 

Factor 1119:   keys = { x1 x2 e0 e1 l169 t0 }
  noise model: unit (2) 

Factor 1120:   keys = { x1 x2 e0 e1 l169 t0 }
  noise model: unit (2) 

Factor 1121:   keys = { x1 x2 e0 e1 l169 t0 }
  noise model: unit (2) 

Factor 1122:   keys = { x1 x2 e0 e1 l169 t0 }
  noise model: unit (2) 

Factor 1123:   keys = { e0 e1 l187 t0 }
  noise model: unit (2) 

Factor 1124:   keys = { x1 x2 e0 e1 l187 t0 }
  noise model: unit (2) 

Factor 1125:   keys = { x1 x2 e0 e1 l187 t0 }
  noise model: unit (2) 

Factor 1126:   keys = { x1 x2 e0 e1 l187 t0 }
  noise model: unit (2) 

Factor 1127:   keys = { x1 x2 e0 e1 l187 t0 }
  noise model: unit (2) 

Factor 1128:   keys = { x1 x2 e0 e1 l187 t0 }
  noise model: unit (2) 

Factor 1129:   keys = { x1 x2 e0 e1 l187 t0 }
  noise model: unit (2) 

Factor 1130:   keys = { x1 x2 e0 e1 l187 t0 }
  noise model: unit (2) 

Factor 1131:   keys = { x1 x2 e0 e1 l187 t0 }
  noise model: unit (2) 

Factor 1132:   keys = { x1 x2 e0 e1 l187 t0 }
  noise model: unit (2) 

Factor 1133:   keys = { x1 x2 e0 l203 t0 }
  noise model: unit (2) 

Factor 1134:   keys = { x1 x3 e0 l203 t0 }
  noise model: unit (2) 

Factor 1135:   keys = { x1 x4 e0 l203 t0 }
  noise model: unit (2) 

Factor 1136:   keys = { x1 x5 e0 l203 t0 }
  noise model: unit (2) 

Factor 1137:   keys = { x1 x6 e0 l203 t0 }
  noise model: unit (2) 

Factor 1138:   keys = { x1 x7 e0 l203 t0 }
  noise model: unit (2) 

Factor 1139:   keys = { x1 x8 e0 l203 t0 }
  noise model: unit (2) 

Factor 1140:   keys = { x1 x9 e0 l203 t0 }
  noise model: unit (2) 

Factor 1141:   keys = { x1 x10 e0 l203 t0 }
  noise model: unit (2) 

Factor 1142:   keys = { e0 e1 l214 t0 }
  noise model: unit (2) 

Factor 1143:   keys = { x1 x2 e0 e1 l214 t0 }
  noise model: unit (2) 

Factor 1144:   keys = { x1 x2 e0 e1 l214 t0 }
  noise model: unit (2) 

Factor 1145:   keys = { x1 x2 e0 e1 l214 t0 }
  noise model: unit (2) 

Factor 1146:   keys = { x1 x2 e0 e1 l214 t0 }
  noise model: unit (2) 

Factor 1147:   keys = { x1 x2 e0 e1 l214 t0 }
  noise model: unit (2) 

Factor 1148:   keys = { x1 x2 e0 e1 l214 t0 }
  noise model: unit (2) 

Factor 1149:   keys = { x1 x2 e0 e1 l214 t0 }
  noise model: unit (2) 

Factor 1150:   keys = { x1 x2 e0 e1 l214 t0 }
  noise model: unit (2) 

Factor 1151:   keys = { x1 x2 e0 e1 l214 t0 }
  noise model: unit (2) 

Factor 1152:   keys = { e0 e1 l223 t0 }
  noise model: unit (2) 

Factor 1153:   keys = { x1 x2 e0 e1 l223 t0 }
  noise model: unit (2) 

Factor 1154:   keys = { x1 x2 e0 e1 l223 t0 }
  noise model: unit (2) 

Factor 1155:   keys = { x1 x2 e0 e1 l223 t0 }
  noise model: unit (2) 

Factor 1156:   keys = { x1 x2 e0 e1 l223 t0 }
  noise model: unit (2) 

Factor 1157:   keys = { x1 x2 e0 e1 l223 t0 }
  noise model: unit (2) 

Factor 1158:   keys = { x1 x2 e0 e1 l223 t0 }
  noise model: unit (2) 

Factor 1159:   keys = { x1 x2 e0 e1 l223 t0 }
  noise model: unit (2) 

Factor 1160:   keys = { x1 x2 e0 e1 l223 t0 }
  noise model: unit (2) 

Factor 1161:   keys = { x1 x2 e0 e1 l223 t0 }
  noise model: unit (2) 

Factor 1162:   keys = { e0 e1 l272 t0 }
  noise model: unit (2) 

Factor 1163:   keys = { x1 x2 e0 e1 l272 t0 }
  noise model: unit (2) 

Factor 1164:   keys = { x1 x2 e0 e1 l272 t0 }
  noise model: unit (2) 

Factor 1165:   keys = { x1 x2 e0 e1 l272 t0 }
  noise model: unit (2) 

Factor 1166:   keys = { x1 x2 e0 e1 l272 t0 }
  noise model: unit (2) 

Factor 1167:   keys = { x1 x2 e0 e1 l272 t0 }
  noise model: unit (2) 

Factor 1168:   keys = { x1 x2 e0 e1 l272 t0 }
  noise model: unit (2) 

Factor 1169:   keys = { x1 x2 e0 e1 l272 t0 }
  noise model: unit (2) 

Factor 1170:   keys = { x1 x2 e0 e1 l272 t0 }
  noise model: unit (2) 

Factor 1171:   keys = { x1 x2 e0 e1 l272 t0 }
  noise model: unit (2) 

Factor 1172:   keys = { e0 e1 l296 t0 }
  noise model: unit (2) 

Factor 1173:   keys = { x1 x2 e0 e1 l296 t0 }
  noise model: unit (2) 

Factor 1174:   keys = { x1 x2 e0 e1 l296 t0 }
  noise model: unit (2) 

Factor 1175:   keys = { x1 x2 e0 e1 l296 t0 }
  noise model: unit (2) 

Factor 1176:   keys = { x1 x2 e0 e1 l296 t0 }
  noise model: unit (2) 

Factor 1177:   keys = { x1 x2 e0 e1 l296 t0 }
  noise model: unit (2) 

Factor 1178:   keys = { x1 x2 e0 e1 l296 t0 }
  noise model: unit (2) 

Factor 1179:   keys = { x1 x2 e0 e1 l296 t0 }
  noise model: unit (2) 

Factor 1180:   keys = { x1 x2 e0 e1 l296 t0 }
  noise model: unit (2) 

Factor 1181:   keys = { x1 x2 e0 e1 l296 t0 }
  noise model: unit (2) 

Factor 1182:   keys = { e0 e1 l301 t0 }
  noise model: unit (2) 

Factor 1183:   keys = { x1 x2 e0 e1 l301 t0 }
  noise model: unit (2) 

Factor 1184:   keys = { x1 x2 e0 e1 l301 t0 }
  noise model: unit (2) 

Factor 1185:   keys = { x1 x2 e0 e1 l301 t0 }
  noise model: unit (2) 

Factor 1186:   keys = { x1 x2 e0 e1 l301 t0 }
  noise model: unit (2) 

Factor 1187:   keys = { x1 x2 e0 e1 l301 t0 }
  noise model: unit (2) 

Factor 1188:   keys = { x1 x2 e0 e1 l301 t0 }
  noise model: unit (2) 

Factor 1189:   keys = { x1 x2 e0 e1 l301 t0 }
  noise model: unit (2) 

Factor 1190:   keys = { x1 x2 e0 e1 l301 t0 }
  noise model: unit (2) 

Factor 1191:   keys = { x1 x2 e0 e1 l301 t0 }
  noise model: unit (2) 

Factor 1192:   keys = { x1 x2 e0 l336 t0 }
  noise model: unit (2) 

Factor 1193:   keys = { x1 x3 e0 l336 t0 }
  noise model: unit (2) 

Factor 1194:   keys = { x1 x4 e0 l336 t0 }
  noise model: unit (2) 

Factor 1195:   keys = { x1 x5 e0 l336 t0 }
  noise model: unit (2) 

Factor 1196:   keys = { x1 x6 e0 l336 t0 }
  noise model: unit (2) 

Factor 1197:   keys = { x1 x7 e0 l336 t0 }
  noise model: unit (2) 

Factor 1198:   keys = { x1 x8 e0 l336 t0 }
  noise model: unit (2) 

Factor 1199:   keys = { x1 x9 e0 l336 t0 }
  noise model: unit (2) 

Factor 1200:   keys = { x1 x10 e0 l336 t0 }
  noise model: unit (2) 

Factor 1201:   keys = { x1 x2 e0 l339 t0 }
  noise model: unit (2) 

Factor 1202:   keys = { x1 x3 e0 l339 t0 }
  noise model: unit (2) 

Factor 1203:   keys = { x1 x4 e0 l339 t0 }
  noise model: unit (2) 

Factor 1204:   keys = { x1 x5 e0 l339 t0 }
  noise model: unit (2) 

Factor 1205:   keys = { e0 e1 l409 t0 }
  noise model: unit (2) 

Factor 1206:   keys = { x1 x2 e0 e1 l409 t0 }
  noise model: unit (2) 

Factor 1207:   keys = { x1 x2 e0 e1 l409 t0 }
  noise model: unit (2) 

Factor 1208:   keys = { x1 x2 e0 e1 l409 t0 }
  noise model: unit (2) 

Factor 1209:   keys = { x1 x2 e0 e1 l409 t0 }
  noise model: unit (2) 

Factor 1210:   keys = { x1 x2 e0 e1 l409 t0 }
  noise model: unit (2) 

Factor 1211:   keys = { x1 x2 e0 e1 l409 t0 }
  noise model: unit (2) 

Factor 1212:   keys = { x1 x2 e0 e1 l409 t0 }
  noise model: unit (2) 

Factor 1213:   keys = { x1 x2 e0 e1 l409 t0 }
  noise model: unit (2) 

Factor 1214:   keys = { x1 x2 e0 e1 l409 t0 }
  noise model: unit (2) 

Factor 1215:   keys = { e0 e1 l472 t0 }
  noise model: unit (2) 

Factor 1216:   keys = { x1 x2 e0 e1 l472 t0 }
  noise model: unit (2) 

Factor 1217:   keys = { x1 x2 e0 e1 l472 t0 }
  noise model: unit (2) 

Factor 1218:   keys = { x1 x2 e0 e1 l472 t0 }
  noise model: unit (2) 

Factor 1219:   keys = { x1 x2 e0 e1 l472 t0 }
  noise model: unit (2) 

Factor 1220:   keys = { x1 x2 e0 e1 l472 t0 }
  noise model: unit (2) 

Factor 1221:   keys = { e0 e1 l477 t0 }
  noise model: unit (2) 

Factor 1222:   keys = { x2 x3 e0 e1 l477 t0 }
  noise model: unit (2) 

Factor 1223:   keys = { x2 x4 e0 l477 t0 }
  noise model: unit (2) 

Factor 1224:   keys = { x2 x3 e0 e1 l477 t0 }
  noise model: unit (2) 

Factor 1225:   keys = { x2 x3 e0 e1 l477 t0 }
  noise model: unit (2) 

Factor 1226:   keys = { x2 x3 e0 e1 l477 t0 }
  noise model: unit (2) 

Factor 1227:   keys = { x2 x8 e0 l477 t0 }
  noise model: unit (2) 

Factor 1228:   keys = { x2 x9 e0 l477 t0 }
  noise model: unit (2) 

Factor 1229:   keys = { x2 x3 e0 e1 l477 t0 }
  noise model: unit (2) 

Factor 1230:   keys = { x2 x3 e0 l520 t0 }
  noise model: unit (2) 

Factor 1231:   keys = { x2 x4 e0 l520 t0 }
  noise model: unit (2) 

Factor 1232:   keys = { x2 x5 e0 l520 t0 }
  noise model: unit (2) 

Factor 1233:   keys = { x2 x6 e0 l520 t0 }
  noise model: unit (2) 

Factor 1234:   keys = { x2 x7 e0 l520 t0 }
  noise model: unit (2) 

Factor 1235:   keys = { x2 x8 e0 l520 t0 }
  noise model: unit (2) 

Factor 1236:   keys = { x2 x9 e0 l520 t0 }
  noise model: unit (2) 

Factor 1237:   keys = { x2 x10 e0 l520 t0 }
  noise model: unit (2) 

Factor 1238:   keys = { e0 e1 l585 t0 }
  noise model: unit (2) 

Factor 1239:   keys = { x2 x3 e0 l585 t0 }
  noise model: unit (2) 

Factor 1240:   keys = { x2 x3 e0 e1 l585 t0 }
  noise model: unit (2) 

Factor 1241:   keys = { x2 x5 e0 l585 t0 }
  noise model: unit (2) 

Factor 1242:   keys = { x2 x3 e0 e1 l585 t0 }
  noise model: unit (2) 

Factor 1243:   keys = { x2 x3 e0 e1 l585 t0 }
  noise model: unit (2) 

Factor 1244:   keys = { x2 x3 e0 e1 l585 t0 }
  noise model: unit (2) 

Factor 1245:   keys = { x2 x3 e0 e1 l585 t0 }
  noise model: unit (2) 

Factor 1246:   keys = { x2 x3 e0 e1 l585 t0 }
  noise model: unit (2) 

Factor 1247:   keys = { x3 x4 e0 l849 t0 }
  noise model: unit (2) 

Factor 1248:   keys = { x3 x5 e0 l849 t0 }
  noise model: unit (2) 

Factor 1249:   keys = { x3 x6 e0 l849 t0 }
  noise model: unit (2) 

Factor 1250:   keys = { x3 x7 e0 l849 t0 }
  noise model: unit (2) 

Factor 1251:   keys = { x3 x8 e0 l849 t0 }
  noise model: unit (2) 

Factor 1252:   keys = { x3 x9 e0 l849 t0 }
  noise model: unit (2) 

Factor 1253:   keys = { x3 x10 e0 l849 t0 }
  noise model: unit (2) 

Factor 1254:   keys = { e0 e1 l995 t0 }
  noise model: unit (2) 

Factor 1255:   keys = { x3 x4 e0 e1 l995 t0 }
  noise model: unit (2) 

Factor 1256:   keys = { x3 x4 e0 e1 l995 t0 }
  noise model: unit (2) 

Factor 1257:   keys = { x3 x4 e0 e1 l995 t0 }
  noise model: unit (2) 

Factor 1258:   keys = { x3 x4 e0 e1 l995 t0 }
  noise model: unit (2) 

Factor 1259:   keys = { x3 x4 e0 e1 l995 t0 }
  noise model: unit (2) 

Factor 1260:   keys = { x3 x4 e0 e1 l995 t0 }
  noise model: unit (2) 

Factor 1261:   keys = { x3 x4 e0 e1 l995 t0 }
  noise model: unit (2) 

Factor 1262:   keys = { e0 e1 l1020 t0 }
  noise model: unit (2) 

Factor 1263:   keys = { x3 x4 e0 e1 l1020 t0 }
  noise model: unit (2) 

Factor 1264:   keys = { x3 x4 e0 e1 l1020 t0 }
  noise model: unit (2) 

Factor 1265:   keys = { x3 x4 e0 e1 l1020 t0 }
  noise model: unit (2) 

Factor 1266:   keys = { x3 x4 e0 e1 l1020 t0 }
  noise model: unit (2) 

Factor 1267:   keys = { x3 x4 e0 e1 l1020 t0 }
  noise model: unit (2) 

Factor 1268:   keys = { x3 x4 e0 e1 l1020 t0 }
  noise model: unit (2) 

Factor 1269:   keys = { x3 x4 e0 e1 l1020 t0 }
  noise model: unit (2) 

Factor 1270:   keys = { x4 x5 e0 l1151 t0 }
  noise model: unit (2) 

Factor 1271:   keys = { x4 x6 e0 l1151 t0 }
  noise model: unit (2) 

Factor 1272:   keys = { x4 x7 e0 l1151 t0 }
  noise model: unit (2) 

Factor 1273:   keys = { x4 x8 e0 l1151 t0 }
  noise model: unit (2) 

Factor 1274:   keys = { x4 x5 e0 l1262 t0 }
  noise model: unit (2) 

Factor 1275:   keys = { x4 x6 e0 l1262 t0 }
  noise model: unit (2) 

Factor 1276:   keys = { x4 x7 e0 l1262 t0 }
  noise model: unit (2) 

Factor 1277:   keys = { x4 x5 e0 l1271 t0 }
  noise model: unit (2) 

Factor 1278:   keys = { x4 x6 e0 l1271 t0 }
  noise model: unit (2) 

Factor 1279:   keys = { x4 x7 e0 l1271 t0 }
  noise model: unit (2) 

Factor 1280:   keys = { e0 e1 l1336 t0 }
  noise model: unit (2) 

Factor 1281:   keys = { x4 x5 e0 l1336 t0 }
  noise model: unit (2) 

Factor 1282:   keys = { x4 x5 e0 e1 l1336 t0 }
  noise model: unit (2) 

Factor 1283:   keys = { x4 x5 e0 e1 l1336 t0 }
  noise model: unit (2) 

Factor 1284:   keys = { x4 x5 e0 e1 l1336 t0 }
  noise model: unit (2) 

Factor 1285:   keys = { x4 x5 e0 e1 l1336 t0 }
  noise model: unit (2) 

Factor 1286:   keys = { x4 x5 e0 e1 l1336 t0 }
  noise model: unit (2) 

Factor 1287:   keys = { x5 x6 e0 l1485 t0 }
  noise model: unit (2) 

Factor 1288:   keys = { x5 x7 e0 l1485 t0 }
  noise model: unit (2) 

Factor 1289:   keys = { x5 x8 e0 l1485 t0 }
  noise model: unit (2) 

Factor 1290:   keys = { x5 x9 e0 l1485 t0 }
  noise model: unit (2) 

Factor 1291:   keys = { x5 x6 e0 l1656 t0 }
  noise model: unit (2) 

Factor 1292:   keys = { x5 x7 e0 l1656 t0 }
  noise model: unit (2) 

Factor 1293:   keys = { x5 x8 e0 l1656 t0 }
  noise model: unit (2) 

Factor 1294:   keys = { x5 x9 e0 l1656 t0 }
  noise model: unit (2) 

Factor 1295:   keys = { x5 x10 e0 l1656 t0 }
  noise model: unit (2) 

Factor 1296:   keys = { x6 x7 e0 l1815 t0 }
  noise model: unit (2) 

Factor 1297:   keys = { x6 x8 e0 l1815 t0 }
  noise model: unit (2) 

Factor 1298:   keys = { x6 x9 e0 l1815 t0 }
  noise model: unit (2) 

Factor 1299:   keys = { x6 x10 e0 l1815 t0 }
  noise model: unit (2) 

Factor 1300:   keys = { e0 e1 l1972 t0 }
  noise model: unit (2) 

Factor 1301:   keys = { x6 x7 e0 e1 l1972 t0 }
  noise model: unit (2) 

Factor 1302:   keys = { x6 x7 e0 e1 l1972 t0 }
  noise model: unit (2) 

Factor 1303:   keys = { x6 x7 e0 e1 l1972 t0 }
  noise model: unit (2) 

Factor 1304:   keys = { x6 x7 e0 e1 l1972 t0 }
  noise model: unit (2) 

Factor 1305:   keys = { e0 e1 l2167 t0 }
  noise model: unit (2) 

Factor 1306:   keys = { x7 x8 e0 e1 l2167 t0 }
  noise model: unit (2) 

Factor 1307:   keys = { x7 x8 e0 e1 l2167 t0 }
  noise model: unit (2) 

Factor 1308:   keys = { x7 x8 e0 e1 l2167 t0 }
  noise model: unit (2) 

Factor 1309:   keys = { x7 x8 e0 l2315 t0 }
  noise model: unit (2) 

Factor 1310:   keys = { x7 x9 e0 l2315 t0 }
  noise model: unit (2) 

Factor 1311:   keys = { x7 x10 e0 l2315 t0 }
  noise model: unit (2) 

Factor 1312:   keys = { e0 e1 l2449 t0 }
  noise model: unit (2) 

Factor 1313:   keys = { x7 x8 e0 e1 l2449 t0 }
  noise model: unit (2) 

Factor 1314:   keys = { x7 x8 e0 e1 l2449 t0 }
  noise model: unit (2) 

Factor 1315:   keys = { x7 x8 e0 e1 l2449 t0 }
  noise model: unit (2) 

initial values
Values with 174 values:
Value b0: (gtsam::imuBias::ConstantBias)
acc = 0 0 0 gyro =  0.000566707 -0.000354437    -0.014631

Value b1: (gtsam::imuBias::ConstantBias)
acc = 0 0 0 gyro =  0.000566707 -0.000354437    -0.014631

Value b2: (gtsam::imuBias::ConstantBias)
acc = 0 0 0 gyro =  0.000566707 -0.000354437    -0.014631

Value b3: (gtsam::imuBias::ConstantBias)
acc = 0 0 0 gyro =  0.000566707 -0.000354437    -0.014631

Value b4: (gtsam::imuBias::ConstantBias)
acc = 0 0 0 gyro =  0.000566707 -0.000354437    -0.014631

Value b5: (gtsam::imuBias::ConstantBias)
acc = 0 0 0 gyro =  0.000566707 -0.000354437    -0.014631

Value b6: (gtsam::imuBias::ConstantBias)
acc = 0 0 0 gyro =  0.000566707 -0.000354437    -0.014631

Value b7: (gtsam::imuBias::ConstantBias)
acc = 0 0 0 gyro =  0.000566707 -0.000354437    -0.014631

Value b8: (gtsam::imuBias::ConstantBias)
acc = 0 0 0 gyro =  0.000566707 -0.000354437    -0.014631

Value b9: (gtsam::imuBias::ConstantBias)
acc = 0 0 0 gyro =  0.000566707 -0.000354437    -0.014631

Value b10: (gtsam::imuBias::ConstantBias)
acc = 0 0 0 gyro =  0.000566707 -0.000354437    -0.014631

Value e0: (gtsam::Pose3)
R: [
	-0.00575863, -0.00404633, 0.999975;
	-0.999983, -0.00102246, -0.00576281;
	0.00104575, -0.999991, -0.00404037
]
t:  0.107302 0.0148365 0.0246396

Value e1: (gtsam::Pose3)
R: [
	-0.00100218, 0.000363135, 0.999999;
	-0.999992, -0.00383034, -0.00100078;
	0.00382998, -0.999993, 0.000366971
]
t:   0.104848 -0.0148108  0.0246396

Value l0: (double)
1.6858

Value l1: (double)
1.73917

Value l2: (double)
1.13477

Value l4: (double)
1.18562

Value l5: (double)
1.50971

Value l6: (double)
1.74598

Value l7: (double)
1.93385

Value l8: (double)
2.08402

Value l9: (double)
1.73899

Value l10: (double)
1.83123

Value l11: (double)
1.17652

Value l12: (double)
1.25949

Value l13: (double)
1.94197

Value l14: (double)
1.26972

Value l15: (double)
0.978803

Value l16: (double)
1.8367

Value l17: (double)
1.59145

Value l18: (double)
1.47917

Value l19: (double)
1.51102

Value l20: (double)
1.55753

Value l21: (double)
1.10054

Value l22: (double)
1.17607

Value l23: (double)
0.992944

Value l24: (double)
1.26523

Value l25: (double)
2.11096

Value l26: (double)
1.22994

Value l27: (double)
1.22377

Value l28: (double)
1.16033

Value l29: (double)
0.995513

Value l30: (double)
1.7172

Value l31: (double)
1.29221

Value l32: (double)
1.40611

Value l33: (double)
1.83543

Value l34: (double)
1.28665

Value l35: (double)
1.35369

Value l36: (double)
2.01774

Value l37: (double)
1.59442

Value l38: (double)
1.8226

Value l39: (double)
1.31994

Value l40: (double)
1.90259

Value l41: (double)
1.41205

Value l42: (double)
1.93601

Value l43: (double)
2.08435

Value l44: (double)
1.33021

Value l45: (double)
1.3294

Value l46: (double)
1.65141

Value l47: (double)
1.37474

Value l48: (double)
1.28651

Value l49: (double)
1.44109

Value l50: (double)
1.57454

Value l51: (double)
0.2

Value l52: (double)
0.979671

Value l53: (double)
1.2396

Value l54: (double)
1.25349

Value l55: (double)
2.06021

Value l56: (double)
1.57804

Value l57: (double)
1.48426

Value l58: (double)
1.73358

Value l59: (double)
1.21165

Value l60: (double)
2.13865

Value l61: (double)
1.00145

Value l62: (double)
2.01229

Value l63: (double)
1.77555

Value l64: (double)
3.86824

Value l65: (double)
3.24881

Value l66: (double)
1.09737

Value l67: (double)
1.14488

Value l68: (double)
2.01678

Value l69: (double)
0.917096

Value l70: (double)
1.16922

Value l71: (double)
1.19489

Value l72: (double)
1.09563

Value l73: (double)
1.17136

Value l74: (double)
1.73457

Value l75: (double)
1.8304

Value l76: (double)
0.921024

Value l77: (double)
0.887836

Value l78: (double)
1.58644

Value l79: (double)
0.993611

Value l80: (double)
0.2

Value l82: (double)
2.09638

Value l83: (double)
1.49703

Value l84: (double)
1.13813

Value l85: (double)
4.42106

Value l86: (double)
1.58127

Value l87: (double)
1.78479

Value l88: (double)
1.01571

Value l89: (double)
1.27706

Value l91: (double)
4.28277

Value l92: (double)
5.7654

Value l94: (double)
1.2955

Value l95: (double)
0.927134

Value l96: (double)
1.97506

Value l97: (double)
1.49968

Value l98: (double)
1.34984

Value l100: (double)
0.2

Value l101: (double)
1.20652

Value l103: (double)
42.5851

Value l107: (double)
0.476229

Value l109: (double)
5.64421

Value l112: (double)
23.5541

Value l113: (double)
2.13922

Value l131: (double)
1.85369

Value l134: (double)
0.2

Value l140: (double)
1.47224

Value l142: (double)
4.98396

Value l145: (double)
8.39279

Value l148: (double)
1.34818

Value l158: (double)
0.956685

Value l169: (double)
1.24154

Value l187: (double)
1.9486

Value l203: (double)
8.42868

Value l214: (double)
1.22906

Value l223: (double)
1.05935

Value l272: (double)
1.70698

Value l296: (double)
2.01976

Value l301: (double)
1.85713

Value l336: (double)
0.2

Value l339: (double)
4.03981

Value l409: (double)
1.06729

Value l472: (double)
0.950824

Value l477: (double)
0.860274

Value l520: (double)
73.0518

Value l585: (double)
0.95622

Value l849: (double)
63.3671

Value l995: (double)
1.4475

Value l1020: (double)
1.23603

Value l1151: (double)
2.10247

Value l1262: (double)
0.2

Value l1271: (double)
0.2

Value l1336: (double)
1.34229

Value l1485: (double)
0.2

Value l1656: (double)
39.7408

Value l1815: (double)
0.2

Value l1972: (double)
1.38208

Value l2167: (double)
1.73987

Value l2315: (double)
0.2

Value l2449: (double)
0.899915

Value t0: (double)
-0.05

Value v0: (Eigen::Matrix<double, 3, 1, 0, 3, 1>)
[
	0;
	0;
	0
]

Value v1: (Eigen::Matrix<double, 3, 1, 0, 3, 1>)
[
	0.000232108;
	-9.70528e-05;
	0.000295876
]

Value v2: (Eigen::Matrix<double, 3, 1, 0, 3, 1>)
[
	0.000395109;
	4.85056e-05;
	0.000663469
]

Value v3: (Eigen::Matrix<double, 3, 1, 0, 3, 1>)
[
	0.000510702;
	-5.72178e-05;
	0.00113453
]

Value v4: (Eigen::Matrix<double, 3, 1, 0, 3, 1>)
[
	0.000805799;
	-0.000121224;
	0.0016691
]

Value v5: (Eigen::Matrix<double, 3, 1, 0, 3, 1>)
[
	0.001043;
	-0.000297032;
	0.00221752
]

Value v6: (Eigen::Matrix<double, 3, 1, 0, 3, 1>)
[
	0.00136014;
	-0.000382345;
	0.00279057
]

Value v7: (Eigen::Matrix<double, 3, 1, 0, 3, 1>)
[
	0.00152126;
	-0.000317477;
	0.00325457
]

Value v8: (Eigen::Matrix<double, 3, 1, 0, 3, 1>)
[
	0.00172698;
	-0.000357743;
	0.00372413
]

Value v9: (Eigen::Matrix<double, 3, 1, 0, 3, 1>)
[
	0.00190162;
	-0.000435907;
	0.00400293
]

Value v10: (Eigen::Matrix<double, 3, 1, 0, 3, 1>)
[
	0.00212396;
	-0.000426118;
	0.00428562
]

Value x0: (gtsam::Pose3)
R: [
	0.999384, 0.000290288, 0.0350821;
	0, 0.999966, -0.00827425;
	-0.0350833, 0.00826915, 0.99935
]
t: 0 0 0

Value x1: (gtsam::Pose3)
R: [
	0.999384, 0.000273807, 0.0350953;
	1.64962e-05, 0.999966, -0.0082713;
	-0.0350964, 0.00826678, 0.99935
]
t: -1.46609e-05 -2.70005e-05  8.56951e-06

Value x2: (gtsam::Pose3)
R: [
	0.999384, 0.000189325, 0.0351013;
	0.000100675, 0.999966, -0.00825987;
	-0.0351016, 0.00825831, 0.99935
]
t: -3.82005e-05 -0.000106455  1.74746e-06

Value x3: (gtsam::Pose3)
R: [
	0.999382, 0.000234843, 0.0351527;
	5.59393e-05, 0.999966, -0.00827078;
	-0.0351534, 0.00826763, 0.999348
]
t: -6.14764e-05 -2.96167e-05  3.84771e-05

Value x4: (gtsam::Pose3)
R: [
	0.999383, 0.000179431, 0.0351308;
	0.000110938, 0.999966, -0.00826323;
	-0.035131, 0.00826203, 0.999349
]
t: -3.72262e-05 -8.64782e-05  1.82933e-05

Value x5: (gtsam::Pose3)
R: [
	0.999381, 0.000194353, 0.0351698;
	9.55039e-05, 0.999966, -0.00823978;
	-0.0351702, 0.00823804, 0.999347
]
t: -3.96165e-05 -7.92356e-05  3.62255e-05

Value x6: (gtsam::Pose3)
R: [
	0.999381, 0.000202753, 0.0351851;
	8.7263e-05, 0.999966, -0.00824085;
	-0.0351856, 0.00823882, 0.999347
]
t: -3.06298e-05 -7.62103e-05  2.87095e-05

Value x7: (gtsam::Pose3)
R: [
	0.99938, 0.000196492, 0.0352217;
	9.4191e-05, 0.999966, -0.0082511;
	-0.0352221, 0.0082493, 0.999345
]
t: -4.01873e-05  -7.9586e-05  3.37769e-05

Value x8: (gtsam::Pose3)
R: [
	0.999379, 0.000193741, 0.0352297;
	9.69931e-05, 0.999966, -0.00825062;
	-0.0352301, 0.00824892, 0.999345
]
t: -4.21954e-05 -7.73769e-05  3.68468e-05

Value x9: (gtsam::Pose3)
R: [
	0.99938, 0.000186223, 0.0352047;
	0.000105959, 0.999966, -0.00829746;
	-0.0352051, 0.00829604, 0.999346
]
t: -4.24291e-05 -7.64766e-05  2.99682e-05

Value x10: (gtsam::Pose3)
R: [
	0.999378, 0.000182567, 0.0352718;
	0.000109268, 0.999966, -0.00827179;
	-0.0352721, 0.00827049, 0.999344
]
t:  -4.1912e-05 -9.03803e-05  4.11473e-05


